0.000000, 1.000000
0.000500, 0.980678
0.001000, 0.924453
0.001500, 0.836112
0.002000, 0.723018
0.002500, 0.594303
0.003000, 0.459924
0.003500, 0.329696
0.004000, 0.212423
0.004500, 0.115171
0.005000, 0.042751
0.005500, -0.002596
0.006000, -0.021286
0.006500, -0.016275
0.007000, 0.007277
0.007500, 0.042529
0.008000, 0.081654
0.008500, 0.116648
0.009000, 0.140187
0.009500, 0.146430
0.010000, 0.131669
0.010500, 0.094730
0.011000, 0.037078
0.011500, -0.037398
0.012000, -0.122870
0.012500, -0.212250
0.013000, -0.297967
0.013500, -0.372746
0.014000, -0.430310
0.014500, -0.465944
0.015000, -0.476895
0.015500, -0.462582
0.016000, -0.424628
0.016500, -0.366688
0.017000, -0.294120
0.017500, -0.213499
0.018000, -0.132009
0.018500, -0.056779
0.019000, 0.005784
0.019500, 0.050587
0.020000, 0.074311
0.020500, 0.075670
0.021000, 0.055462
0.021500, 0.016394
0.022000, -0.037265
0.022500, -0.100172
0.023000, -0.166468
0.023500, -0.230342
0.024000, -0.286550
0.024500, -0.330847
0.025000, -0.360297
0.025500, -0.373455
0.026000, -0.370396
0.026500, -0.352616
0.027000, -0.322801
0.027500, -0.284501
0.028000, -0.241732
0.028500, -0.198555
0.029000, -0.158662
0.029500, -0.125023
0.030000, -0.099621
0.030500, -0.083303
0.031000, -0.075759
0.031500, -0.075614
0.032000, -0.080636
0.032500, -0.088014
0.033000, -0.094683
0.033500, -0.097655
0.034000, -0.094329
0.034500, -0.082749
0.035000, -0.061782
0.035500, -0.031220
0.036000, 0.008212
0.036500, 0.054940
0.037000, 0.106687
0.037500, 0.160686
0.038000, 0.213926
0.038500, 0.263407
0.039000, 0.306388
0.039500, 0.340598
0.040000, 0.364395
0.040500, 0.376866
0.041000, 0.377853
0.041500, 0.367908
0.042000, 0.348200
0.042500, 0.320362
0.043000, 0.286332
0.043500, 0.248168
0.044000, 0.207886
0.044500, 0.167320
0.045000, 0.128019
0.045500, 0.091176
0.046000, 0.057604
0.046500, 0.027745
0.047000, 0.001704
0.047500, -0.020686
0.048000, -0.039792
0.048500, -0.056098
0.049000, -0.070125
0.049500, -0.082361
0.050000, -0.093198
0.050500, -0.102900
0.051000, -0.111583
0.051500, -0.119219
0.052000, -0.125660
0.052500, -0.130665
0.053000, -0.133943
0.053500, -0.135189
0.054000, -0.134116
0.054500, -0.130488
0.055000, -0.124137
0.055500, -0.114988
0.056000, -0.103068
0.056500, -0.088522
0.057000, -0.071621
0.057500, -0.052763
0.058000, -0.032472
0.058500, -0.011386
0.059000, 0.009765
0.059500, 0.030184
0.060000, 0.049049
0.060500, 0.065548
0.061000, 0.078930
0.061500, 0.088543
0.062000, 0.093882
0.062500, 0.094623
0.063000, 0.090657
0.063500, 0.082106
0.064000, 0.069334
0.064500, 0.052932
0.065000, 0.033693
0.065500, 0.012563
0.066000, -0.009419
0.066500, -0.031191
0.067000, -0.051738
0.067500, -0.070169
0.068000, -0.085762
0.068500, -0.098019
0.069000, -0.106676
0.069500, -0.111713
0.070000, -0.113328
0.070500, -0.111896
0.071000, -0.107919
0.071500, -0.101959
0.072000, -0.094579
0.072500, -0.086279
0.073000, -0.077453
0.073500, -0.068356
0.074000, -0.059094
0.074500, -0.049634
0.075000, -0.039830
0.075500, -0.029465
0.076000, -0.018307
0.076500, -0.006160
0.077000, 0.007082
0.077500, 0.021397
0.078000, 0.036604
0.078500, 0.052359
0.079000, 0.068161
0.079500, 0.083388
0.080000, 0.097338
0.080500, 0.109291
0.081000, 0.118575
0.081500, 0.124621
0.082000, 0.127025
0.082500, 0.125577
0.083000, 0.120284
0.083500, 0.111366
0.084000, 0.099235
0.084500, 0.084453
0.085000, 0.067691
0.085500, 0.049667
0.086000, 0.031098
0.086500, 0.012650
0.087000, -0.005100
0.087500, -0.021691
0.088000, -0.036792
0.088500, -0.050194
0.089000, -0.061799
0.089500, -0.071594
0.090000, -0.079619
0.090500, -0.085933
0.091000, -0.090584
0.091500, -0.093590
0.092000, -0.094926
0.092500, -0.094528
0.093000, -0.092305
0.093500, -0.088159
0.094000, -0.082014
0.094500, -0.073842
0.095000, -0.063687
0.095500, -0.051683
0.096000, -0.038063
0.096500, -0.023156
0.097000, -0.007380
0.097500, 0.008786
0.098000, 0.024821
0.098500, 0.040200
0.099000, 0.054427
0.099500, 0.067062
0.100000, 0.077750
0.100500, 0.086240
0.101000, 0.092386
0.101500, 0.096152
0.102000, 0.097593
0.102500, 0.096843
0.103000, 0.094087
0.103500, 0.089536
0.104000, 0.083408
0.104500, 0.075907
0.105000, 0.067216
0.105500, 0.057491
0.106000, 0.046865
0.106500, 0.035461
0.107000, 0.023405
0.107500, 0.010845
0.108000, -0.002041
0.108500, -0.015027
0.109000, -0.027839
0.109500, -0.040160
0.110000, -0.051640
0.110500, -0.061916
0.111000, -0.070636
0.111500, -0.077488
0.112000, -0.082223
0.112500, -0.084677
0.113000, -0.084784
0.113500, -0.082583
0.114000, -0.078218
0.114500, -0.071927
0.115000, -0.064019
0.115500, -0.054858
0.116000, -0.044830
0.116500, -0.034317
0.117000, -0.023674
0.117500, -0.013202
0.118000, -0.003145
0.118500, 0.006323
0.119000, 0.015090
0.119500, 0.023094
0.120000, 0.030306
0.120500, 0.036706
0.121000, 0.042267
0.121500, 0.046936
0.122000, 0.050624
0.122500, 0.053205
0.123000, 0.054524
0.123500, 0.054413
0.124000, 0.052714
0.124500, 0.049301
0.125000, 0.044109
0.125500, 0.037153
0.126000, 0.028551
0.126500, 0.018523
0.127000, 0.007400
0.127500, -0.004398
0.128000, -0.016381
0.128500, -0.028019
0.129000, -0.038785
0.129500, -0.048192
0.130000, -0.055831
0.130500, -0.061410
0.131000, -0.064770
0.131500, -0.065900
0.132000, -0.064932
0.132500, -0.062117
0.133000, -0.057801
0.133500, -0.052378
0.134000, -0.046254
0.134500, -0.039802
0.135000, -0.033325
0.135500, -0.027036
0.136000, -0.021038
0.136500, -0.015330
0.137000, -0.009814
0.137500, -0.004321
0.138000, 0.001354
0.138500, 0.007417
0.139000, 0.014034
0.139500, 0.021289
0.140000, 0.029161
0.140500, 0.037500
0.141000, 0.046027
0.141500, 0.054343
0.142000, 0.061964
0.142500, 0.068356
0.143000, 0.072992
0.143500, 0.075403
0.144000, 0.075230
0.144500, 0.072268
0.145000, 0.066490
0.145500, 0.058061
0.146000, 0.047332
0.146500, 0.034814
0.147000, 0.021144
0.147500, 0.007034
0.148000, -0.006780
0.148500, -0.019597
0.149000, -0.030802
0.149500, -0.039917
0.150000, -0.046632
0.150500, -0.050828
0.151000, -0.052573
0.151500, -0.052109
0.152000, -0.049819
0.152500, -0.046177
0.153000, -0.041699
0.153500, -0.036882
0.154000, -0.032157
0.154500, -0.027850
0.155000, -0.024153
0.155500, -0.021119
0.156000, -0.018665
0.156500, -0.016597
0.157000, -0.014637
0.157500, -0.012466
0.158000, -0.009761
0.158500, -0.006244
0.159000, -0.001711
0.159500, 0.003928
0.160000, 0.010638
0.160500, 0.018246
0.161000, 0.026449
0.161500, 0.034835
0.162000, 0.042912
0.162500, 0.050150
0.163000, 0.056029
0.163500, 0.060084
0.164000, 0.061947
0.164500, 0.061384
0.165000, 0.058311
0.165500, 0.052806
0.166000, 0.045099
0.166500, 0.035558
0.167000, 0.024659
0.167500, 0.012954
0.168000, 0.001026
0.168500, -0.010542
0.169000, -0.021212
0.169500, -0.030520
0.170000, -0.038103
0.170500, -0.043719
0.171000, -0.047257
0.171500, -0.048736
0.172000, -0.048300
0.172500, -0.046197
0.173000, -0.042753
0.173500, -0.038340
0.174000, -0.033344
0.174500, -0.028132
0.175000, -0.023019
0.175500, -0.018252
0.176000, -0.013991
0.176500, -0.010308
0.177000, -0.007184
0.177500, -0.004523
0.178000, -0.002171
0.178500, 0.000069
0.179000, 0.002408
0.179500, 0.005047
0.180000, 0.008150
0.180500, 0.011823
0.181000, 0.016093
0.181500, 0.020894
0.182000, 0.026067
0.182500, 0.031359
0.183000, 0.036445
0.183500, 0.040951
0.184000, 0.044485
0.184500, 0.046671
0.185000, 0.047188
0.185500, 0.045799
0.186000, 0.042379
0.186500, 0.036928
0.187000, 0.029586
0.187500, 0.020624
0.188000, 0.010434
0.188500, -0.000497
0.189000, -0.011615
0.189500, -0.022342
0.190000, -0.032116
0.190500, -0.040436
0.191000, -0.046899
0.191500, -0.051235
0.192000, -0.053323
0.192500, -0.053201
0.193000, -0.051054
0.193500, -0.047196
0.194000, -0.042033
0.194500, -0.036030
0.195000, -0.029662
0.195500, -0.023379
0.196000, -0.017561
0.196500, -0.012495
0.197000, -0.008348
0.197500, -0.005156
0.198000, -0.002832
0.198500, -0.001173
0.199000, 0.000104
0.199500, 0.001330
0.200000, 0.002834
0.200500, 0.004904
0.201000, 0.007739
0.201500, 0.011426
0.202000, 0.015916
0.202500, 0.021030
0.203000, 0.026468
0.203500, 0.031841
0.204000, 0.036707
0.204500, 0.040612
0.205000, 0.043135
0.205500, 0.043926
0.206000, 0.042743
0.206500, 0.039477
0.207000, 0.034173
0.207500, 0.027027
0.208000, 0.018385
0.208500, 0.008714
0.209000, -0.001433
0.209500, -0.011462
0.210000, -0.020791
0.210500, -0.028902
0.211000, -0.035387
0.211500, -0.039981
0.212000, -0.042577
0.212500, -0.043231
0.213000, -0.042142
0.213500, -0.039629
0.214000, -0.036088
0.214500, -0.031951
0.215000, -0.027647
0.215500, -0.023557
0.216000, -0.019983
0.216500, -0.017125
0.217000, -0.015064
0.217500, -0.013761
0.218000, -0.013067
0.218500, -0.012743
0.219000, -0.012491
0.219500, -0.011995
0.220000, -0.010957
0.220500, -0.009141
0.221000, -0.006400
0.221500, -0.002702
0.222000, 0.001860
0.222500, 0.007077
0.223000, 0.012638
0.223500, 0.018159
0.224000, 0.023221
0.224500, 0.027410
0.225000, 0.030357
0.225500, 0.031776
0.226000, 0.031489
0.226500, 0.029447
0.227000, 0.025735
0.227500, 0.020563
0.228000, 0.014253
0.228500, 0.007207
0.229000, -0.000122
0.229500, -0.007271
0.230000, -0.013802
0.230500, -0.019335
0.231000, -0.023578
0.231500, -0.026346
0.232000, -0.027574
0.232500, -0.027314
0.233000, -0.025730
0.233500, -0.023074
0.234000, -0.019655
0.234500, -0.015812
0.235000, -0.011873
0.235500, -0.008126
0.236000, -0.004789
0.236500, -0.001994
0.237000, 0.000218
0.237500, 0.001894
0.238000, 0.003156
0.238500, 0.004180
0.239000, 0.005171
0.239500, 0.006342
0.240000, 0.007881
0.240500, 0.009936
0.241000, 0.012592
0.241500, 0.015859
0.242000, 0.019667
0.242500, 0.023865
0.243000, 0.028229
0.243500, 0.032480
0.244000, 0.036309
0.244500, 0.039403
0.245000, 0.041478
0.245500, 0.042305
0.246000, 0.041732
0.246500, 0.039702
0.247000, 0.036257
0.247500, 0.031534
0.248000, 0.025754
0.248500, 0.019205
0.249000, 0.012219
0.249500, 0.005148
0.250000, -0.001660
0.250500, -0.007890
0.251000, -0.013276
0.251500, -0.017628
0.252000, -0.020835
0.252500, -0.022881
0.253000, -0.023831
0.253500, -0.023825
0.254000, -0.023057
0.254500, -0.021753
0.255000, -0.020140
0.255500, -0.018430
0.256000, -0.016793
0.256500, -0.015351
0.257000, -0.014167
0.257500, -0.013247
0.258000, -0.012543
0.258500, -0.011964
0.259000, -0.011386
0.259500, -0.010673
0.260000, -0.009687
0.260500, -0.008313
0.261000, -0.006472
0.261500, -0.004138
0.262000, -0.001348
0.262500, 0.001800
0.263000, 0.005150
0.263500, 0.008503
0.264000, 0.011640
0.264500, 0.014339
0.265000, 0.016403
0.265500, 0.017671
0.266000, 0.018034
0.266500, 0.017445
0.267000, 0.015915
0.267500, 0.013514
0.268000, 0.010368
0.268500, 0.006648
0.269000, 0.002557
0.269500, -0.001680
0.270000, -0.005837
0.270500, -0.009701
0.271000, -0.013097
0.271500, -0.015897
0.272000, -0.018032
0.272500, -0.019496
0.273000, -0.020335
0.273500, -0.020641
0.274000, -0.020530
0.274500, -0.020126
0.275000, -0.019547
0.275500, -0.018887
0.276000, -0.018215
0.276500, -0.017563
0.277000, -0.016936
0.277500, -0.016309
0.278000, -0.015636
0.278500, -0.014855
0.279000, -0.013901
0.279500, -0.012713
0.280000, -0.011247
0.280500, -0.009487
0.281000, -0.007447
0.281500, -0.005185
0.282000, -0.002794
0.282500, -0.000398
0.283000, 0.001858
0.283500, 0.003827
0.284000, 0.005374
0.284500, 0.006394
0.285000, 0.006819
0.285500, 0.006633
0.286000, 0.005865
0.286500, 0.004592
0.287000, 0.002928
0.287500, 0.001010
0.288000, -0.001011
0.288500, -0.002991
0.289000, -0.004797
0.289500, -0.006328
0.290000, -0.007517
0.290500, -0.008341
0.291000, -0.008813
0.291500, -0.008986
0.292000, -0.008937
0.292500, -0.008755
0.293000, -0.008529
0.293500, -0.008332
0.294000, -0.008207
0.294500, -0.008159
0.295000, -0.008149
0.295500, -0.008096
0.296000, -0.007884
0.296500, -0.007377
0.297000, -0.006433
0.297500, -0.004927
0.298000, -0.002774
0.298500, 0.000058
0.299000, 0.003533
0.299500, 0.007543
0.300000, 0.011915
0.300500, 0.016424
0.301000, 0.020812
0.301500, 0.024814
0.302000, 0.028180
0.302500, 0.030705
0.303000, 0.032240
0.303500, 0.032714
0.304000, 0.032139
0.304500, 0.030610
0.305000, 0.028295
0.305500, 0.025425
0.306000, 0.022272
0.306500, 0.019118
0.307000, 0.016228
0.307500, 0.013818
0.308000, 0.012033
0.308500, 0.010926
0.309000, 0.010450
0.309500, 0.010473
0.310000, 0.010785
0.310500, 0.011133
0.311000, 0.011251
0.311500, 0.010890
0.312000, 0.009852
0.312500, 0.008009
0.313000, 0.005325
0.313500, 0.001856
0.314000, -0.002251
0.314500, -0.006765
0.315000, -0.011394
0.315500, -0.015811
0.316000, -0.019679
0.316500, -0.022693
0.317000, -0.024609
0.317500, -0.025271
0.318000, -0.024637
0.318500, -0.022783
0.319000, -0.019903
0.319500, -0.016286
0.320000, -0.012291
0.320500, -0.008311
0.321000, -0.004732
0.321500, -0.001896
0.322000, -0.000073
0.322500, 0.000566
0.323000, -0.000036
0.323500, -0.001820
0.324000, -0.004617
0.324500, -0.008167
0.325000, -0.012137
0.325500, -0.016160
0.326000, -0.019863
0.326500, -0.022911
0.327000, -0.025030
0.327500, -0.026044
0.328000, -0.025881
0.328500, -0.024587
0.329000, -0.022311
0.329500, -0.019294
0.330000, -0.015834
0.330500, -0.012262
0.331000, -0.008902
0.331500, -0.006046
0.332000, -0.003918
0.332500, -0.002662
0.333000, -0.002323
0.333500, -0.002845
0.334000, -0.004080
0.334500, -0.005798
0.335000, -0.007709
0.335500, -0.009497
0.336000, -0.010843
0.336500, -0.011459
0.337000, -0.011121
0.337500, -0.009685
0.338000, -0.007107
0.338500, -0.003445
0.339000, 0.001139
0.339500, 0.006399
0.340000, 0.012024
0.340500, 0.017663
0.341000, 0.022957
0.341500, 0.027566
0.342000, 0.031200
0.342500, 0.033643
0.343000, 0.034765
0.343500, 0.034536
0.344000, 0.033026
0.344500, 0.030399
0.345000, 0.026897
0.345500, 0.022821
0.346000, 0.018504
0.346500, 0.014281
0.347000, 0.010462
0.347500, 0.007303
0.348000, 0.004985
0.348500, 0.003602
0.349000, 0.003152
0.349500, 0.003544
0.350000, 0.004605
0.350500, 0.006107
0.351000, 0.007781
0.351500, 0.009351
0.352000, 0.010555
0.352500, 0.011172
0.353000, 0.011043
0.353500, 0.010083
0.354000, 0.008293
0.354500, 0.005762
0.355000, 0.002657
0.355500, -0.000791
0.356000, -0.004304
0.356500, -0.007587
0.357000, -0.010355
0.357500, -0.012360
0.358000, -0.013416
0.358500, -0.013419
0.359000, -0.012360
0.359500, -0.010324
0.360000, -0.007486
0.360500, -0.004096
0.361000, -0.000459
0.361500, 0.003095
0.362000, 0.006235
0.362500, 0.008662
0.363000, 0.010133
0.363500, 0.010482
0.364000, 0.009641
0.364500, 0.007643
0.365000, 0.004620
0.365500, 0.000796
0.366000, -0.003536
0.366500, -0.008037
0.367000, -0.012357
0.367500, -0.016162
0.368000, -0.019169
0.368500, -0.021172
0.369000, -0.022058
0.369500, -0.021819
0.370000, -0.020547
0.370500, -0.018429
0.371000, -0.015724
0.371500, -0.012737
0.372000, -0.009793
0.372500, -0.007198
0.373000, -0.005217
0.373500, -0.004043
0.374000, -0.003777
0.374500, -0.004420
0.375000, -0.005870
0.375500, -0.007931
0.376000, -0.010333
0.376500, -0.012763
0.377000, -0.014894
0.377500, -0.016426
0.378000, -0.017116
0.378500, -0.016803
0.379000, -0.015431
0.379500, -0.013053
0.380000, -0.009823
0.380500, -0.005988
0.381000, -0.001859
0.381500, 0.002217
0.382000, 0.005889
0.382500, 0.008837
0.383000, 0.010798
0.383500, 0.011596
0.384000, 0.011159
0.384500, 0.009528
0.385000, 0.006856
0.385500, 0.003395
0.386000, -0.000529
0.386500, -0.004548
0.387000, -0.008290
0.387500, -0.011417
0.388000, -0.013656
0.388500, -0.014827
0.389000, -0.014855
0.389500, -0.013772
0.390000, -0.011711
0.390500, -0.008884
0.391000, -0.005561
0.391500, -0.002041
0.392000, 0.001380
0.392500, 0.004432
0.393000, 0.006900
0.393500, 0.008645
0.394000, 0.009612
0.394500, 0.009839
0.395000, 0.009449
0.395500, 0.008632
0.396000, 0.007625
0.396500, 0.006682
0.397000, 0.006039
0.397500, 0.005894
0.398000, 0.006377
0.398500, 0.007545
0.399000, 0.009374
0.399500, 0.011768
0.400000, 0.014571
0.400500, 0.017582
0.401000, 0.020582
0.401500, 0.023344
0.402000, 0.025664
0.402500, 0.027367
0.403000, 0.028331
0.403500, 0.028487
0.404000, 0.027831
0.404500, 0.026418
0.405000, 0.024352
0.405500, 0.021778
0.406000, 0.018861
0.406500, 0.015768
0.407000, 0.012652
0.407500, 0.009642
0.408000, 0.006835
0.408500, 0.004292
0.409000, 0.002046
0.409500, 0.000108
0.410000, -0.001533
0.410500, -0.002894
0.411000, -0.003998
0.411500, -0.004872
0.412000, -0.005539
0.412500, -0.006023
0.413000, -0.006343
0.413500, -0.006520
0.414000, -0.006574
0.414500, -0.006530
0.415000, -0.006418
0.415500, -0.006280
0.416000, -0.006167
0.416500, -0.006138
0.417000, -0.006259
0.417500, -0.006588
0.418000, -0.007171
0.418500, -0.008032
0.419000, -0.009163
0.419500, -0.010521
0.420000, -0.012031
0.420500, -0.013590
0.421000, -0.015077
0.421500, -0.016368
0.422000, -0.017352
0.422500, -0.017939
0.423000, -0.018078
0.423500, -0.017760
0.424000, -0.017026
0.424500, -0.015961
0.425000, -0.014695
0.425500, -0.013387
0.426000, -0.012214
0.426500, -0.011351
0.427000, -0.010950
0.427500, -0.011118
0.428000, -0.011905
0.428500, -0.013284
0.429000, -0.015155
0.429500, -0.017343
0.430000, -0.019618
0.430500, -0.021712
0.431000, -0.023349
0.431500, -0.024270
0.432000, -0.024263
0.432500, -0.023185
0.433000, -0.020979
0.433500, -0.017681
0.434000, -0.013423
0.434500, -0.008421
0.435000, -0.002960
0.435500, 0.002632
0.436000, 0.008011
0.436500, 0.012851
0.437000, 0.016876
0.437500, 0.019885
0.438000, 0.021777
0.438500, 0.022557
0.439000, 0.022337
0.439500, 0.021325
0.440000, 0.019794
0.440500, 0.018059
0.441000, 0.016434
0.441500, 0.015203
0.442000, 0.014588
0.442500, 0.014724
0.443000, 0.015649
0.443500, 0.017298
0.444000, 0.019509
0.444500, 0.022044
0.445000, 0.024610
0.445500, 0.026889
0.446000, 0.028572
0.446500, 0.029395
0.447000, 0.029165
0.447500, 0.027785
0.448000, 0.025271
0.448500, 0.021750
0.449000, 0.017451
0.449500, 0.012682
0.450000, 0.007799
0.450500, 0.003170
0.451000, -0.000865
0.451500, -0.004025
0.452000, -0.006118
0.452500, -0.007058
0.453000, -0.006870
0.453500, -0.005684
0.454000, -0.003719
0.454500, -0.001264
0.455000, 0.001357
0.455500, 0.003817
0.456000, 0.005813
0.456500, 0.007101
0.457000, 0.007519
0.457500, 0.007001
0.458000, 0.005586
0.458500, 0.003409
0.459000, 0.000688
0.459500, -0.002302
0.460000, -0.005265
0.460500, -0.007913
0.461000, -0.010001
0.461500, -0.011350
0.462000, -0.011868
0.462500, -0.011554
0.463000, -0.010494
0.463500, -0.008851
0.464000, -0.006841
0.464500, -0.004712
0.465000, -0.002715
0.465500, -0.001081
0.466000, 0.000002
0.466500, 0.000410
0.467000, 0.000097
0.467500, -0.000906
0.468000, -0.002488
0.468500, -0.004471
0.469000, -0.006634
0.469500, -0.008734
0.470000, -0.010532
0.470500, -0.011824
0.471000, -0.012458
0.471500, -0.012351
0.472000, -0.011492
0.472500, -0.009943
0.473000, -0.007826
0.473500, -0.005310
0.474000, -0.002590
0.474500, 0.000133
0.475000, 0.002670
0.475500, 0.004864
0.476000, 0.006605
0.476500, 0.007833
0.477000, 0.008550
0.477500, 0.008809
0.478000, 0.008712
0.478500, 0.008390
0.479000, 0.007987
0.479500, 0.007638
0.480000, 0.007453
0.480500, 0.007500
0.481000, 0.007801
0.481500, 0.008324
0.482000, 0.008994
0.482500, 0.009701
0.483000, 0.010310
0.483500, 0.010681
0.484000, 0.010684
0.484500, 0.010213
0.485000, 0.009199
0.485500, 0.007620
0.486000, 0.005510
0.486500, 0.002950
0.487000, 0.000071
0.487500, -0.002965
0.488000, -0.005977
0.488500, -0.008788
0.489000, -0.011245
0.489500, -0.013232
0.490000, -0.014685
0.490500, -0.015593
0.491000, -0.015996
0.491500, -0.015978
0.492000, -0.015652
0.492500, -0.015150
0.493000, -0.014603
0.493500, -0.014133
0.494000, -0.013832
0.494500, -0.013760
0.495000, -0.013929
0.495500, -0.014303
0.496000, -0.014797
0.496500, -0.015289
0.497000, -0.015626
0.497500, -0.015650
0.498000, -0.015215
0.498500, -0.014212
0.499000, -0.012581
0.499500, -0.010325
0.500000, -0.007509
0.500500, -0.004253
0.501000, -0.000723
0.501500, 0.002889
0.502000, 0.006383
0.502500, 0.009569
0.503000, 0.012282
0.503500, 0.014396
0.504000, 0.015837
0.504500, 0.016586
0.505000, 0.016687
0.505500, 0.016237
0.506000, 0.015386
0.506500, 0.014318
0.507000, 0.013233
0.507500, 0.012328
0.508000, 0.011771
0.508500, 0.011685
0.509000, 0.012133
0.509500, 0.013112
0.510000, 0.014556
0.510500, 0.016343
0.511000, 0.018308
0.511500, 0.020266
0.512000, 0.022025
0.512500, 0.023409
0.513000, 0.024271
0.513500, 0.024507
0.514000, 0.024067
0.514500, 0.022959
0.515000, 0.021247
0.515500, 0.019049
0.516000, 0.016523
0.516500, 0.013855
0.517000, 0.011237
0.517500, 0.008856
0.518000, 0.006868
0.518500, 0.005388
0.519000, 0.004477
0.519500, 0.004133
0.520000, 0.004297
0.520500, 0.004852
0.521000, 0.005638
0.521500, 0.006469
0.522000, 0.007145
0.522500, 0.007477
0.523000, 0.007300
0.523500, 0.006489
0.524000, 0.004973
0.524500, 0.002737
0.525000, -0.000173
0.525500, -0.003656
0.526000, -0.007562
0.526500, -0.011708
0.527000, -0.015886
0.527500, -0.019885
0.528000, -0.023503
0.528500, -0.026569
0.529000, -0.028953
0.529500, -0.030578
0.530000, -0.031427
0.530500, -0.031545
0.531000, -0.031026
0.531500, -0.030008
0.532000, -0.028656
0.532500, -0.027140
0.533000, -0.025626
0.533500, -0.024252
0.534000, -0.023120
0.534500, -0.022287
0.535000, -0.021760
0.535500, -0.021500
0.536000, -0.021423
0.536500, -0.021409
0.537000, -0.021313
0.537500, -0.020982
0.538000, -0.020266
0.538500, -0.019038
0.539000, -0.017208
0.539500, -0.014732
0.540000, -0.011623
0.540500, -0.007952
0.541000, -0.003837
0.541500, 0.000558
0.542000, 0.005046
0.542500, 0.009427
0.543000, 0.013511
0.543500, 0.017126
0.544000, 0.020136
0.544500, 0.022443
0.545000, 0.023998
0.545500, 0.024795
0.546000, 0.024875
0.546500, 0.024321
0.547000, 0.023248
0.547500, 0.021797
0.548000, 0.020122
0.548500, 0.018376
0.549000, 0.016702
0.549500, 0.015213
0.550000, 0.013991
0.550500, 0.013075
0.551000, 0.012463
0.551500, 0.012115
0.552000, 0.011962
0.552500, 0.011912
0.553000, 0.011869
0.553500, 0.011734
0.554000, 0.011420
0.554500, 0.010853
0.555000, 0.009981
0.555500, 0.008772
0.556000, 0.007216
0.556500, 0.005327
0.557000, 0.003144
0.557500, 0.000730
0.558000, -0.001829
0.558500, -0.004430
0.559000, -0.006959
0.559500, -0.009299
0.560000, -0.011340
0.560500, -0.012992
0.561000, -0.014185
0.561500, -0.014882
0.562000, -0.015074
0.562500, -0.014784
0.563000, -0.014059
0.563500, -0.012970
0.564000, -0.011609
0.564500, -0.010078
0.565000, -0.008494
0.565500, -0.006979
0.566000, -0.005654
0.566500, -0.004632
0.567000, -0.004006
0.567500, -0.003843
0.568000, -0.004172
0.568500, -0.004978
0.569000, -0.006202
0.569500, -0.007743
0.570000, -0.009468
0.570500, -0.011219
0.571000, -0.012834
0.571500, -0.014152
0.572000, -0.015031
0.572500, -0.015357
0.573000, -0.015049
0.573500, -0.014072
0.574000, -0.012435
0.574500, -0.010197
0.575000, -0.007463
0.575500, -0.004383
0.576000, -0.001137
0.576500, 0.002076
0.577000, 0.005056
0.577500, 0.007622
0.578000, 0.009630
0.578500, 0.010990
0.579000, 0.011677
0.579500, 0.011730
0.580000, 0.011253
0.580500, 0.010403
0.581000, 0.009377
0.581500, 0.008387
0.582000, 0.007646
0.582500, 0.007346
0.583000, 0.007636
0.583500, 0.008611
0.584000, 0.010296
0.584500, 0.012641
0.585000, 0.015520
0.585500, 0.018738
0.586000, 0.022044
0.586500, 0.025160
0.587000, 0.027798
0.587500, 0.029699
0.588000, 0.030654
0.588500, 0.030531
0.589000, 0.029286
0.589500, 0.026971
0.590000, 0.023727
0.590500, 0.019775
0.591000, 0.015388
0.591500, 0.010872
0.592000, 0.006532
0.592500, 0.002649
0.593000, -0.000547
0.593500, -0.002901
0.594000, -0.004343
0.594500, -0.004900
0.595000, -0.004691
0.595500, -0.003915
0.596000, -0.002830
0.596500, -0.001726
0.597000, -0.000886
0.597500, -0.000560
0.598000, -0.000927
0.598500, -0.002084
0.599000, -0.004027
0.599500, -0.006658
0.600000, -0.009792
0.600500, -0.013179
0.601000, -0.016533
0.601500, -0.019557
0.602000, -0.021979
0.602500, -0.023573
0.603000, -0.024186
0.603500, -0.023752
0.604000, -0.022303
0.604500, -0.019962
0.605000, -0.016936
0.605500, -0.013494
0.606000, -0.009941
0.606500, -0.006583
0.607000, -0.003693
0.607500, -0.001484
0.608000, -0.000085
0.608500, 0.000471
0.609000, 0.000247
0.609500, -0.000611
0.610000, -0.001888
0.610500, -0.003334
0.611000, -0.004684
0.611500, -0.005694
0.612000, -0.006160
0.612500, -0.005943
0.613000, -0.004982
0.613500, -0.003298
0.614000, -0.000995
0.614500, 0.001754
0.615000, 0.004721
0.615500, 0.007651
0.616000, 0.010290
0.616500, 0.012409
0.617000, 0.013838
0.617500, 0.014475
0.618000, 0.014303
0.618500, 0.013389
0.619000, 0.011869
0.619500, 0.009934
0.620000, 0.007806
0.620500, 0.005711
0.621000, 0.003856
0.621500, 0.002406
0.622000, 0.001471
0.622500, 0.001092
0.623000, 0.001244
0.623500, 0.001835
0.624000, 0.002720
0.624500, 0.003715
0.625000, 0.004616
0.625500, 0.005228
0.626000, 0.005383
0.626500, 0.004963
0.627000, 0.003915
0.627500, 0.002260
0.628000, 0.000084
0.628500, -0.002462
0.629000, -0.005189
0.629500, -0.007889
0.630000, -0.010357
0.630500, -0.012416
0.631000, -0.013931
0.631500, -0.014822
0.632000, -0.015074
0.632500, -0.014732
0.633000, -0.013897
0.633500, -0.012718
0.634000, -0.011370
0.634500, -0.010041
0.635000, -0.008908
0.635500, -0.008121
0.636000, -0.007779
0.636500, -0.007928
0.637000, -0.008546
0.637500, -0.009553
0.638000, -0.010816
0.638500, -0.012167
0.639000, -0.013422
0.639500, -0.014401
0.640000, -0.014948
0.640500, -0.014947
0.641000, -0.014332
0.641500, -0.013098
0.642000, -0.011295
0.642500, -0.009027
0.643000, -0.006440
0.643500, -0.003706
0.644000, -0.001010
0.644500, 0.001473
0.645000, 0.003596
0.645500, 0.005250
0.646000, 0.006381
0.646500, 0.006988
0.647000, 0.007123
0.647500, 0.006884
0.648000, 0.006399
0.648500, 0.005811
0.649000, 0.005268
0.649500, 0.004902
0.650000, 0.004821
0.650500, 0.005099
0.651000, 0.005768
0.651500, 0.006817
0.652000, 0.008191
0.652500, 0.009798
0.653000, 0.011516
0.653500, 0.013205
0.654000, 0.014723
0.654500, 0.015941
0.655000, 0.016759
0.655500, 0.017110
0.656000, 0.016970
0.656500, 0.016356
0.657000, 0.015320
0.657500, 0.013935
0.658000, 0.012291
0.658500, 0.010477
0.659000, 0.008581
0.659500, 0.006678
0.660000, 0.004833
0.660500, 0.003096
0.661000, 0.001498
0.661500, 0.000058
0.662000, -0.001226
0.662500, -0.002370
0.663000, -0.003404
0.663500, -0.004363
0.664000, -0.005282
0.664500, -0.006188
0.665000, -0.007092
0.665500, -0.007989
0.666000, -0.008859
0.666500, -0.009672
0.667000, -0.010396
0.667500, -0.011007
0.668000, -0.011490
0.668500, -0.011849
0.669000, -0.012098
0.669500, -0.012258
0.670000, -0.012350
0.670500, -0.012388
0.671000, -0.012371
0.671500, -0.012284
0.672000, -0.012101
0.672500, -0.011785
0.673000, -0.011294
0.673500, -0.010590
0.674000, -0.009638
0.674500, -0.008414
0.675000, -0.006904
0.675500, -0.005114
0.676000, -0.003068
0.676500, -0.000813
0.677000, 0.001578
0.677500, 0.004006
0.678000, 0.006354
0.678500, 0.008490
0.679000, 0.010283
0.679500, 0.011617
0.680000, 0.012404
0.680500, 0.012600
0.681000, 0.012210
0.681500, 0.011293
0.682000, 0.009955
0.682500, 0.008341
0.683000, 0.006617
0.683500, 0.004957
0.684000, 0.003524
0.684500, 0.002457
0.685000, 0.001859
0.685500, 0.001787
0.686000, 0.002247
0.686500, 0.003196
0.687000, 0.004539
0.687500, 0.006145
0.688000, 0.007849
0.688500, 0.009470
0.689000, 0.010830
0.689500, 0.011768
0.690000, 0.012164
0.690500, 0.011950
0.691000, 0.011122
0.691500, 0.009741
0.692000, 0.007928
0.692500, 0.005848
0.693000, 0.003696
0.693500, 0.001668
0.694000, -0.000052
0.694500, -0.001320
0.695000, -0.002037
0.695500, -0.002164
0.696000, -0.001721
0.696500, -0.000788
0.697000, 0.000503
0.697500, 0.001978
0.698000, 0.003435
0.698500, 0.004661
0.699000, 0.005450
0.699500, 0.005627
0.700000, 0.005063
0.700500, 0.003692
0.701000, 0.001523
0.701500, -0.001359
0.702000, -0.004801
0.702500, -0.008596
0.703000, -0.012501
0.703500, -0.016263
0.704000, -0.019641
0.704500, -0.022425
0.705000, -0.024450
0.705500, -0.025611
0.706000, -0.025864
0.706500, -0.025227
0.707000, -0.023781
0.707500, -0.021659
0.708000, -0.019038
0.708500, -0.016122
0.709000, -0.013129
0.709500, -0.010266
0.710000, -0.007711
0.710500, -0.005594
0.711000, -0.003985
0.711500, -0.002890
0.712000, -0.002250
0.712500, -0.001952
0.713000, -0.001845
0.713500, -0.001759
0.714000, -0.001519
0.714500, -0.000964
0.715000, 0.000037
0.715500, 0.001577
0.716000, 0.003699
0.716500, 0.006391
0.717000, 0.009584
0.717500, 0.013152
0.718000, 0.016920
0.718500, 0.020670
0.719000, 0.024162
0.719500, 0.027156
0.720000, 0.029430
0.720500, 0.030808
0.721000, 0.031173
0.721500, 0.030480
0.722000, 0.028758
0.722500, 0.026108
0.723000, 0.022693
0.723500, 0.018723
0.724000, 0.014440
0.724500, 0.010102
0.725000, 0.005963
0.725500, 0.002257
0.726000, -0.000823
0.726500, -0.003139
0.727000, -0.004623
0.727500, -0.005284
0.728000, -0.005207
0.728500, -0.004549
0.729000, -0.003519
0.729500, -0.002359
0.730000, -0.001317
0.730500, -0.000619
0.731000, -0.000448
0.731500, -0.000925
0.732000, -0.002100
0.732500, -0.003945
0.733000, -0.006359
0.733500, -0.009178
0.734000, -0.012188
0.734500, -0.015146
0.735000, -0.017799
0.735500, -0.019907
0.736000, -0.021273
0.736500, -0.021758
0.737000, -0.021304
0.737500, -0.019939
0.738000, -0.017779
0.738500, -0.015023
0.739000, -0.011933
0.739500, -0.008809
0.740000, -0.005965
0.740500, -0.003695
0.741000, -0.002246
0.741500, -0.001795
0.742000, -0.002431
0.742500, -0.004143
0.743000, -0.006825
0.743500, -0.010275
0.744000, -0.014222
0.744500, -0.018338
0.745000, -0.022274
0.745500, -0.025686
0.746000, -0.028266
0.746500, -0.029772
0.747000, -0.030045
0.747500, -0.029029
0.748000, -0.026773
0.748500, -0.023428
0.749000, -0.019233
0.749500, -0.014493
0.750000, -0.009553
0.750500, -0.004760
0.751000, -0.000440
0.751500, 0.003140
0.752000, 0.005794
0.752500, 0.007434
0.753000, 0.008076
0.753500, 0.007838
0.754000, 0.006926
0.754500, 0.005610
0.755000, 0.004200
0.755500, 0.003012
0.756000, 0.002339
0.756500, 0.002423
0.757000, 0.003427
0.757500, 0.005424
0.758000, 0.008384
0.758500, 0.012171
0.759000, 0.016558
0.759500, 0.021242
0.760000, 0.025871
0.760500, 0.030075
0.761000, 0.033501
0.761500, 0.035848
0.762000, 0.036898
0.762500, 0.036535
0.763000, 0.034758
0.763500, 0.031683
0.764000, 0.027532
0.764500, 0.022611
0.765000, 0.017284
0.765500, 0.011943
0.766000, 0.006977
0.766500, 0.002734
0.767000, -0.000499
0.767500, -0.002528
0.768000, -0.003265
0.768500, -0.002735
0.769000, -0.001078
0.769500, 0.001465
0.770000, 0.004576
0.770500, 0.007889
0.771000, 0.011027
0.771500, 0.013639
0.772000, 0.015436
0.772500, 0.016219
0.773000, 0.015897
0.773500, 0.014493
0.774000, 0.012141
0.774500, 0.009069
0.775000, 0.005576
0.775500, 0.002004
0.776000, -0.001298
0.776500, -0.004005
0.777000, -0.005847
0.777500, -0.006633
0.778000, -0.006281
0.778500, -0.004817
0.779000, -0.002386
0.779500, 0.000761
0.780000, 0.004292
0.780500, 0.007816
0.781000, 0.010929
0.781500, 0.013246
0.782000, 0.014446
0.782500, 0.014298
0.783000, 0.012688
0.783500, 0.009629
0.784000, 0.005263
0.784500, -0.000157
0.785000, -0.006283
0.785500, -0.012708
0.786000, -0.019000
0.786500, -0.024740
0.787000, -0.029558
0.787500, -0.033167
0.788000, -0.035385
0.788500, -0.036155
0.789000, -0.035545
0.789500, -0.033742
0.790000, -0.031032
0.790500, -0.027773
0.791000, -0.024356
0.791500, -0.021166
0.792000, -0.018543
0.792500, -0.016749
0.793000, -0.015941
0.793500, -0.016156
0.794000, -0.017311
0.794500, -0.019208
0.795000, -0.021556
0.795500, -0.024004
0.796000, -0.026173
0.796500, -0.027696
0.797000, -0.028260
0.797500, -0.027637
0.798000, -0.025708
0.798500, -0.022480
0.799000, -0.018086
0.799500, -0.012777
0.800000, -0.006896
0.800500, -0.000850
0.801000, 0.004931
0.801500, 0.010035
0.802000, 0.014104
0.802500, 0.016873
0.803000, 0.018190
0.803500, 0.018034
0.804000, 0.016520
0.804500, 0.013882
0.805000, 0.010458
0.805500, 0.006656
0.806000, 0.002910
0.806500, -0.000358
0.807000, -0.002779
0.807500, -0.004075
0.808000, -0.004084
0.808500, -0.002775
0.809000, -0.000247
0.809500, 0.003284
0.810000, 0.007506
0.810500, 0.012046
0.811000, 0.016506
0.811500, 0.020500
0.812000, 0.023696
0.812500, 0.025843
0.813000, 0.026800
0.813500, 0.026543
0.814000, 0.025173
0.814500, 0.022902
0.815000, 0.020030
0.815500, 0.016915
0.816000, 0.013935
0.816500, 0.011443
0.817000, 0.009737
0.817500, 0.009021
0.818000, 0.009391
0.818500, 0.010818
0.819000, 0.013158
0.819500, 0.016163
0.820000, 0.019506
0.820500, 0.022809
0.821000, 0.025684
0.821500, 0.027763
0.822000, 0.028734
0.822500, 0.028373
0.823000, 0.026563
0.823500, 0.023307
0.824000, 0.018730
0.824500, 0.013070
0.825000, 0.006651
0.825500, -0.000139
0.826000, -0.006893
0.826500, -0.013217
0.827000, -0.018767
0.827500, -0.023278
0.828000, -0.026584
0.828500, -0.028625
0.829000, -0.029449
0.829500, -0.029199
0.830000, -0.028097
0.830500, -0.026419
0.831000, -0.024467
0.831500, -0.022542
0.832000, -0.020912
0.832500, -0.019790
0.833000, -0.019313
0.833500, -0.019530
0.834000, -0.020395
0.834500, -0.021776
0.835000, -0.023467
0.835500, -0.025211
0.836000, -0.026729
0.836500, -0.027747
0.837000, -0.028027
0.837500, -0.027388
0.838000, -0.025727
0.838500, -0.023024
0.839000, -0.019345
0.839500, -0.014836
0.840000, -0.009713
0.840500, -0.004240
0.841000, 0.001286
0.841500, 0.006560
0.842000, 0.011297
0.842500, 0.015246
0.843000, 0.018220
0.843500, 0.020101
0.844000, 0.020852
0.844500, 0.020519
0.845000, 0.019223
0.845500, 0.017147
0.846000, 0.014519
0.846500, 0.011593
0.847000, 0.008628
0.847500, 0.005869
0.848000, 0.003529
0.848500, 0.001778
0.849000, 0.000733
0.849500, 0.000450
0.850000, 0.000924
0.850500, 0.002090
0.851000, 0.003829
0.851500, 0.005978
0.852000, 0.008349
0.852500, 0.010740
0.853000, 0.012960
0.853500, 0.014837
0.854000, 0.016241
0.854500, 0.017083
0.855000, 0.017325
0.855500, 0.016980
0.856000, 0.016108
0.856500, 0.014807
0.857000, 0.013209
0.857500, 0.011468
0.858000, 0.009748
0.858500, 0.008213
0.859000, 0.007010
0.859500, 0.006255
0.860000, 0.006020
0.860500, 0.006319
0.861000, 0.007104
0.861500, 0.008265
0.862000, 0.009639
0.862500, 0.011019
0.863000, 0.012182
0.863500, 0.012901
0.864000, 0.012974
0.864500, 0.012234
0.865000, 0.010572
0.865500, 0.007937
0.866000, 0.004349
0.866500, -0.000102
0.867000, -0.005258
0.867500, -0.010897
0.868000, -0.016748
0.868500, -0.022506
0.869000, -0.027851
0.869500, -0.032480
0.870000, -0.036129
0.870500, -0.038600
0.871000, -0.039784
0.871500, -0.039668
0.872000, -0.038335
0.872500, -0.035958
0.873000, -0.032778
0.873500, -0.029078
0.874000, -0.025158
0.874500, -0.021303
0.875000, -0.017759
0.875500, -0.014719
0.876000, -0.012299
0.876500, -0.010539
0.877000, -0.009397
0.877500, -0.008754
0.878000, -0.008425
0.878500, -0.008179
0.879000, -0.007761
0.879500, -0.006926
0.880000, -0.005462
0.880500, -0.003226
0.881000, -0.000159
0.881500, 0.003694
0.882000, 0.008188
0.882500, 0.013085
0.883000, 0.018080
0.883500, 0.022831
0.884000, 0.026991
0.884500, 0.030246
0.885000, 0.032342
0.885500, 0.033110
0.886000, 0.032479
0.886500, 0.030484
0.887000, 0.027263
0.887500, 0.023043
0.888000, 0.018127
0.888500, 0.012866
0.889000, 0.007631
0.889500, 0.002786
0.890000, -0.001350
0.890500, -0.004530
0.891000, -0.006598
0.891500, -0.007507
0.892000, -0.007322
0.892500, -0.006201
0.893000, -0.004382
0.893500, -0.002146
0.894000, 0.000210
0.894500, 0.002415
0.895000, 0.004243
0.895500, 0.005540
0.896000, 0.006232
0.896500, 0.006326
0.897000, 0.005902
0.897500, 0.005103
0.898000, 0.004115
0.898500, 0.003145
0.899000, 0.002397
0.899500, 0.002055
0.900000, 0.002255
0.900500, 0.003069
0.901000, 0.004497
0.901500, 0.006459
0.902000, 0.008803
0.902500, 0.011322
0.903000, 0.013772
0.903500, 0.015903
0.904000, 0.017481
0.904500, 0.018319
0.905000, 0.018290
0.905500, 0.017339
0.906000, 0.015484
0.906500, 0.012815
0.907000, 0.009477
0.907500, 0.005660
0.908000, 0.001579
0.908500, -0.002544
0.909000, -0.006498
0.909500, -0.010098
0.910000, -0.013202
0.910500, -0.015716
0.911000, -0.017601
0.911500, -0.018866
0.912000, -0.019566
0.912500, -0.019780
0.913000, -0.019606
0.913500, -0.019136
0.914000, -0.018450
0.914500, -0.017602
0.915000, -0.016616
0.915500, -0.015489
0.916000, -0.014191
0.916500, -0.012674
0.917000, -0.010882
0.917500, -0.008761
0.918000, -0.006271
0.918500, -0.003399
0.919000, -0.000161
0.919500, 0.003384
0.920000, 0.007140
0.920500, 0.010977
0.921000, 0.014736
0.921500, 0.018252
0.922000, 0.021364
0.922500, 0.023931
0.923000, 0.025849
0.923500, 0.027052
0.924000, 0.027519
0.924500, 0.027267
0.925000, 0.026349
0.925500, 0.024846
0.926000, 0.022857
0.926500, 0.020491
0.927000, 0.017855
0.927500, 0.015051
0.928000, 0.012161
0.928500, 0.009241
0.929000, 0.006321
0.929500, 0.003400
0.930000, 0.000450
0.930500, -0.002568
0.931000, -0.005695
0.931500, -0.008959
0.932000, -0.012357
0.932500, -0.015850
0.933000, -0.019358
0.933500, -0.022767
0.934000, -0.025935
0.934500, -0.028711
0.935000, -0.030947
0.935500, -0.032512
0.936000, -0.033307
0.936500, -0.033267
0.937000, -0.032375
0.937500, -0.030658
0.938000, -0.028192
0.938500, -0.025096
0.939000, -0.021531
0.939500, -0.017686
0.940000, -0.013765
0.940500, -0.009967
0.941000, -0.006471
0.941500, -0.003416
0.942000, -0.000887
0.942500, 0.001085
0.943000, 0.002524
0.943500, 0.003498
0.944000, 0.004107
0.944500, 0.004462
0.945000, 0.004672
0.945500, 0.004828
0.946000, 0.004999
0.946500, 0.005218
0.947000, 0.005489
0.947500, 0.005782
0.948000, 0.006038
0.948500, 0.006177
0.949000, 0.006106
0.949500, 0.005730
0.950000, 0.004967
0.950500, 0.003766
0.951000, 0.002114
0.951500, 0.000050
0.952000, -0.002333
0.952500, -0.004898
0.953000, -0.007469
0.953500, -0.009855
0.954000, -0.011864
0.954500, -0.013324
0.955000, -0.014096
0.955500, -0.014087
0.956000, -0.013251
0.956500, -0.011591
0.957000, -0.009161
0.957500, -0.006055
0.958000, -0.002401
0.958500, 0.001643
0.959000, 0.005906
0.959500, 0.010214
0.960000, 0.014400
0.960500, 0.018321
0.961000, 0.021866
0.961500, 0.024964
0.962000, 0.027583
0.962500, 0.029724
0.963000, 0.031415
0.963500, 0.032697
0.964000, 0.033610
0.964500, 0.034187
0.965000, 0.034445
0.965500, 0.034386
0.966000, 0.033991
0.966500, 0.033234
0.967000, 0.032079
0.967500, 0.030487
0.968000, 0.028425
0.968500, 0.025869
0.969000, 0.022809
0.969500, 0.019258
0.970000, 0.015250
0.970500, 0.010850
0.971000, 0.006150
0.971500, 0.001268
0.972000, -0.003653
0.972500, -0.008459
0.973000, -0.012994
0.973500, -0.017108
0.974000, -0.020677
0.974500, -0.023603
0.975000, -0.025827
0.975500, -0.027330
0.976000, -0.028127
0.976500, -0.028268
0.977000, -0.027823
0.977500, -0.026879
0.978000, -0.025528
0.978500, -0.023858
0.979000, -0.021948
0.979500, -0.019863
0.980000, -0.017650
0.980500, -0.015341
0.981000, -0.012952
0.981500, -0.010485
0.982000, -0.007936
0.982500, -0.005298
0.983000, -0.002564
0.983500, 0.000260
0.984000, 0.003152
0.984500, 0.006068
0.985000, 0.008937
0.985500, 0.011663
0.986000, 0.014126
0.986500, 0.016198
0.987000, 0.017750
0.987500, 0.018667
0.988000, 0.018864
0.988500, 0.018292
0.989000, 0.016948
0.989500, 0.014875
0.990000, 0.012160
0.990500, 0.008927
0.991000, 0.005332
0.991500, 0.001550
0.992000, -0.002231
0.992500, -0.005825
0.993000, -0.009056
0.993500, -0.011773
0.994000, -0.013862
0.994500, -0.015253
0.995000, -0.015929
0.995500, -0.015928
0.996000, -0.015334
0.996500, -0.014268
0.997000, -0.012875
0.997500, -0.011299
0.998000, -0.009673
0.998500, -0.008101
0.999000, -0.006648
0.999500, -0.005343
1.000000, -0.004176
1.000500, -0.003106
1.001000, -0.002066
1.001500, -0.000975
1.002000, 0.000257
1.002500, 0.001714
1.003000, 0.003464
1.003500, 0.005549
1.004000, 0.007972
1.004500, 0.010689
1.005000, 0.013605
1.005500, 0.016578
1.006000, 0.019423
1.006500, 0.021931
1.007000, 0.023886
1.007500, 0.025089
1.008000, 0.025377
1.008500, 0.024641
1.009000, 0.022836
1.009500, 0.019990
1.010000, 0.016199
1.010500, 0.011626
1.011000, 0.006484
1.011500, 0.001027
1.012000, -0.004471
1.012500, -0.009732
1.013000, -0.014497
1.013500, -0.018544
1.014000, -0.021704
1.014500, -0.023879
1.015000, -0.025049
1.015500, -0.025265
1.016000, -0.024652
1.016500, -0.023384
1.017000, -0.021671
1.017500, -0.019732
1.018000, -0.017771
1.018500, -0.015959
1.019000, -0.014416
1.019500, -0.013199
1.020000, -0.012301
1.020500, -0.011654
1.021000, -0.011136
1.021500, -0.010587
1.022000, -0.009830
1.022500, -0.008689
1.023000, -0.007016
1.023500, -0.004712
1.024000, -0.001740
1.024500, 0.001855
1.025000, 0.005951
1.025500, 0.010355
1.026000, 0.014815
1.026500, 0.019043
1.027000, 0.022745
1.027500, 0.025643
1.028000, 0.027504
1.028500, 0.028160
1.029000, 0.027524
1.029500, 0.025598
1.030000, 0.022477
1.030500, 0.018338
1.031000, 0.013434
1.031500, 0.008068
1.032000, 0.002572
1.032500, -0.002726
1.033000, -0.007526
1.033500, -0.011585
1.034000, -0.014736
1.034500, -0.016904
1.035000, -0.018100
1.035500, -0.018422
1.036000, -0.018027
1.036500, -0.017120
1.037000, -0.015923
1.037500, -0.014649
1.038000, -0.013484
1.038500, -0.012567
1.039000, -0.011977
1.039500, -0.011728
1.040000, -0.011771
1.040500, -0.011996
1.041000, -0.012248
1.041500, -0.012345
1.042000, -0.012100
1.042500, -0.011344
1.043000, -0.009955
1.043500, -0.007868
1.044000, -0.005093
1.044500, -0.001714
1.045000, 0.002119
1.045500, 0.006201
1.046000, 0.010290
1.046500, 0.014136
1.047000, 0.017494
1.047500, 0.020153
1.048000, 0.021945
1.048500, 0.022766
1.049000, 0.022579
1.049500, 0.021420
1.050000, 0.019393
1.050500, 0.016662
1.051000, 0.013438
1.051500, 0.009958
1.052000, 0.006464
1.052500, 0.003179
1.053000, 0.000287
1.053500, -0.002080
1.054000, -0.003853
1.054500, -0.005023
1.055000, -0.005637
1.055500, -0.005785
1.056000, -0.005584
1.056500, -0.005162
1.057000, -0.004646
1.057500, -0.004139
1.058000, -0.003718
1.058500, -0.003419
1.059000, -0.003238
1.059500, -0.003126
1.060000, -0.003000
1.060500, -0.002748
1.061000, -0.002249
1.061500, -0.001390
1.062000, -0.000082
1.062500, 0.001721
1.063000, 0.004013
1.063500, 0.006728
1.064000, 0.009748
1.064500, 0.012906
1.065000, 0.016007
1.065500, 0.018841
1.066000, 0.021206
1.066500, 0.022929
1.067000, 0.023875
1.067500, 0.023967
1.068000, 0.023190
1.068500, 0.021595
1.069000, 0.019291
1.069500, 0.016442
1.070000, 0.013248
1.070500, 0.009924
1.071000, 0.006682
1.071500, 0.003706
1.072000, 0.001133
1.072500, -0.000964
1.073000, -0.002578
1.073500, -0.003771
1.074000, -0.004659
1.074500, -0.005403
1.075000, -0.006180
1.075500, -0.007159
1.076000, -0.008481
1.076500, -0.010233
1.077000, -0.012437
1.077500, -0.015037
1.078000, -0.017900
1.078500, -0.020827
1.079000, -0.023567
1.079500, -0.025841
1.080000, -0.027374
1.080500, -0.027924
1.081000, -0.027310
1.081500, -0.025439
1.082000, -0.022323
1.082500, -0.018083
1.083000, -0.012948
1.083500, -0.007237
1.084000, -0.001329
1.084500, 0.004361
1.085000, 0.009430
1.085500, 0.013519
1.086000, 0.016350
1.086500, 0.017753
1.087000, 0.017683
1.087500, 0.016227
1.088000, 0.013596
1.088500, 0.010103
1.089000, 0.006132
1.089500, 0.002099
1.090000, -0.001588
1.090500, -0.004575
1.091000, -0.006594
1.091500, -0.007491
1.092000, -0.007240
1.092500, -0.005949
1.093000, -0.003840
1.093500, -0.001234
1.094000, 0.001488
1.094500, 0.003928
1.095000, 0.005707
1.095500, 0.006513
1.096000, 0.006133
1.096500, 0.004483
1.097000, 0.001618
1.097500, -0.002266
1.098000, -0.006848
1.098500, -0.011711
1.099000, -0.016380
1.099500, -0.020372
1.100000, -0.023243
1.100500, -0.024634
1.101000, -0.024308
1.101500, -0.022177
1.102000, -0.018311
1.102500, -0.012934
1.103000, -0.006410
1.103500, 0.000795
1.104000, 0.008147
1.104500, 0.015098
1.105000, 0.021132
1.105500, 0.025812
1.106000, 0.028818
1.106500, 0.029974
1.107000, 0.029267
1.107500, 0.026841
1.108000, 0.022981
1.108500, 0.018091
1.109000, 0.012645
1.109500, 0.007147
1.110000, 0.002078
1.110500, -0.002147
1.111000, -0.005218
1.111500, -0.006959
1.112000, -0.007339
1.112500, -0.006475
1.113000, -0.004609
1.113500, -0.002089
1.114000, 0.000678
1.114500, 0.003264
1.115000, 0.005271
1.115500, 0.006369
1.116000, 0.006330
1.116500, 0.005056
1.117000, 0.002581
1.117500, -0.000924
1.118000, -0.005174
1.118500, -0.009795
1.119000, -0.014360
1.119500, -0.018427
1.120000, -0.021587
1.120500, -0.023496
1.121000, -0.023913
1.121500, -0.022724
1.122000, -0.019948
1.122500, -0.015744
1.123000, -0.010392
1.123500, -0.004266
1.124000, 0.002200
1.124500, 0.008554
1.125000, 0.014370
1.125500, 0.019281
1.126000, 0.023011
1.126500, 0.025396
1.127000, 0.026388
1.127500, 0.026052
1.128000, 0.024553
1.128500, 0.022134
1.129000, 0.019085
1.129500, 0.015721
1.130000, 0.012345
1.130500, 0.009222
1.131000, 0.006560
1.131500, 0.004488
1.132000, 0.003052
1.132500, 0.002214
1.133000, 0.001862
1.133500, 0.001830
1.134000, 0.001921
1.134500, 0.001934
1.135000, 0.001690
1.135500, 0.001052
1.136000, -0.000058
1.136500, -0.001655
1.137000, -0.003691
1.137500, -0.006068
1.138000, -0.008643
1.138500, -0.011252
1.139000, -0.013723
1.139500, -0.015892
1.140000, -0.017614
1.140500, -0.018780
1.141000, -0.019318
1.141500, -0.019199
1.142000, -0.018436
1.142500, -0.017084
1.143000, -0.015224
1.143500, -0.012964
1.144000, -0.010421
1.144500, -0.007712
1.145000, -0.004950
1.145500, -0.002231
1.146000, 0.000365
1.146500, 0.002775
1.147000, 0.004951
1.147500, 0.006856
1.148000, 0.008457
1.148500, 0.009724
1.149000, 0.010624
1.149500, 0.011125
1.150000, 0.011195
1.150500, 0.010807
1.151000, 0.009948
1.151500, 0.008621
1.152000, 0.006855
1.152500, 0.004709
1.153000, 0.002270
1.153500, -0.000347
1.154000, -0.003007
1.154500, -0.005563
1.155000, -0.007873
1.155500, -0.009806
1.156000, -0.011259
1.156500, -0.012164
1.157000, -0.012492
1.157500, -0.012261
1.158000, -0.011529
1.158500, -0.010393
1.159000, -0.008976
1.159500, -0.007420
1.160000, -0.005867
1.160500, -0.004445
1.161000, -0.003258
1.161500, -0.002364
1.162000, -0.001775
1.162500, -0.001452
1.163000, -0.001304
1.163500, -0.001204
1.164000, -0.001004
1.164500, -0.000549
1.165000, 0.000296
1.165500, 0.001635
1.166000, 0.003521
1.166500, 0.005953
1.167000, 0.008868
1.167500, 0.012149
1.168000, 0.015628
1.168500, 0.019102
1.169000, 0.022346
1.169500, 0.025132
1.170000, 0.027252
1.170500, 0.028528
1.171000, 0.028838
1.171500, 0.028123
1.172000, 0.026394
1.172500, 0.023734
1.173000, 0.020291
1.173500, 0.016264
1.174000, 0.011882
1.174500, 0.007389
1.175000, 0.003016
1.175500, -0.001032
1.176000, -0.004591
1.176500, -0.007552
1.177000, -0.009862
1.177500, -0.011527
1.178000, -0.012602
1.178500, -0.013188
1.179000, -0.013415
1.179500, -0.013425
1.180000, -0.013359
1.180500, -0.013340
1.181000, -0.013461
1.181500, -0.013776
1.182000, -0.014296
1.182500, -0.014991
1.183000, -0.015793
1.183500, -0.016609
1.184000, -0.017328
1.184500, -0.017835
1.185000, -0.018022
1.185500, -0.017797
1.186000, -0.017091
1.186500, -0.015869
1.187000, -0.014130
1.187500, -0.011912
1.188000, -0.009289
1.188500, -0.006372
1.189000, -0.003298
1.189500, -0.000223
1.190000, 0.002692
1.190500, 0.005291
1.191000, 0.007432
1.191500, 0.009001
1.192000, 0.009915
1.192500, 0.010128
1.193000, 0.009635
1.193500, 0.008468
1.194000, 0.006695
1.194500, 0.004421
1.195000, 0.001777
1.195500, -0.001080
1.196000, -0.003981
1.196500, -0.006749
1.197000, -0.009217
1.197500, -0.011238
1.198000, -0.012698
1.198500, -0.013524
1.199000, -0.013691
1.199500, -0.013223
1.200000, -0.012187
1.200500, -0.010689
1.201000, -0.008865
1.201500, -0.006869
1.202000, -0.004856
1.202500, -0.002977
1.203000, -0.001360
1.203500, -0.000102
1.204000, 0.000742
1.204500, 0.001165
1.205000, 0.001210
1.205500, 0.000971
1.206000, 0.000581
1.206500, 0.000205
1.207000, 0.000017
1.207500, 0.000186
1.208000, 0.000849
1.208500, 0.002099
1.209000, 0.003965
1.209500, 0.006408
1.210000, 0.009317
1.210500, 0.012518
1.211000, 0.015787
1.211500, 0.018864
1.212000, 0.021483
1.212500, 0.023389
1.213000, 0.024361
1.213500, 0.024239
1.214000, 0.022936
1.214500, 0.020451
1.215000, 0.016872
1.215500, 0.012374
1.216000, 0.007211
1.216500, 0.001692
1.217000, -0.003839
1.217500, -0.009036
1.218000, -0.013580
1.218500, -0.017207
1.219000, -0.019736
1.219500, -0.021081
1.220000, -0.021263
1.220500, -0.020399
1.221000, -0.018694
1.221500, -0.016414
1.222000, -0.013862
1.222500, -0.011343
1.223000, -0.009135
1.223500, -0.007464
1.224000, -0.006477
1.224500, -0.006233
1.225000, -0.006695
1.225500, -0.007729
1.226000, -0.009119
1.226500, -0.010592
1.227000, -0.011836
1.227500, -0.012545
1.228000, -0.012443
1.228500, -0.011326
1.229000, -0.009082
1.229500, -0.005711
1.230000, -0.001331
1.230500, 0.003835
1.231000, 0.009470
1.231500, 0.015199
1.232000, 0.020619
1.232500, 0.025337
1.233000, 0.029004
1.233500, 0.031348
1.234000, 0.032196
1.234500, 0.031494
1.235000, 0.029306
1.235500, 0.025811
1.236000, 0.021289
1.236500, 0.016091
1.237000, 0.010612
1.237500, 0.005255
1.238000, 0.000388
1.238500, -0.003683
1.239000, -0.006743
1.239500, -0.008689
1.240000, -0.009533
1.240500, -0.009398
1.241000, -0.008500
1.241500, -0.007119
1.242000, -0.005570
1.242500, -0.004160
1.243000, -0.003160
1.243500, -0.002773
1.244000, -0.003116
1.244500, -0.004209
1.245000, -0.005973
1.245500, -0.008242
1.246000, -0.010784
1.246500, -0.013320
1.247000, -0.015556
1.247500, -0.017215
1.248000, -0.018061
1.248500, -0.017927
1.249000, -0.016734
1.249500, -0.014504
1.250000, -0.011357
1.250500, -0.007506
1.251000, -0.003235
1.251500, 0.001129
1.252000, 0.005249
1.252500, 0.008810
1.253000, 0.011555
1.253500, 0.013301
1.254000, 0.013956
1.254500, 0.013521
1.255000, 0.012084
1.255500, 0.009806
1.256000, 0.006901
1.256500, 0.003616
1.257000, 0.000208
1.257500, -0.003082
1.258000, -0.006040
1.258500, -0.008505
1.259000, -0.010373
1.259500, -0.011607
1.260000, -0.012238
1.260500, -0.012353
1.261000, -0.012084
1.261500, -0.011586
1.262000, -0.011012
1.262500, -0.010495
1.263000, -0.010127
1.263500, -0.009949
1.264000, -0.009952
1.264500, -0.010077
1.265000, -0.010231
1.265500, -0.010296
1.266000, -0.010148
1.266500, -0.009670
1.267000, -0.008768
1.267500, -0.007374
1.268000, -0.005460
1.268500, -0.003038
1.269000, -0.000165
1.269500, 0.003068
1.270000, 0.006534
1.270500, 0.010087
1.271000, 0.013572
1.271500, 0.016838
1.272000, 0.019759
1.272500, 0.022235
1.273000, 0.024210
1.273500, 0.025663
1.274000, 0.026611
1.274500, 0.027096
1.275000, 0.027177
1.275500, 0.026918
1.276000, 0.026377
1.276500, 0.025604
1.277000, 0.024627
1.277500, 0.023461
1.278000, 0.022105
1.278500, 0.020543
1.279000, 0.018757
1.279500, 0.016728
1.280000, 0.014449
1.280500, 0.011925
1.281000, 0.009188
1.281500, 0.006291
1.282000, 0.003315
1.282500, 0.000365
1.283000, -0.002440
1.283500, -0.004971
1.284000, -0.007109
1.284500, -0.008748
1.285000, -0.009815
1.285500, -0.010273
1.286000, -0.010129
1.286500, -0.009435
1.287000, -0.008283
1.287500, -0.006796
1.288000, -0.005120
1.288500, -0.003408
1.289000, -0.001802
1.289500, -0.000426
1.290000, 0.000631
1.290500, 0.001321
1.291000, 0.001642
1.291500, 0.001634
1.292000, 0.001373
1.292500, 0.000961
1.293000, 0.000513
1.293500, 0.000141
1.294000, -0.000059
1.294500, -0.000022
1.295000, 0.000279
1.295500, 0.000824
1.296000, 0.001544
1.296500, 0.002329
1.297000, 0.003030
1.297500, 0.003481
1.298000, 0.003509
1.298500, 0.002962
1.299000, 0.001723
1.299500, -0.000270
1.300000, -0.003014
1.300500, -0.006433
1.301000, -0.010385
1.301500, -0.014662
1.302000, -0.019016
1.302500, -0.023169
1.303000, -0.026845
1.303500, -0.029785
1.304000, -0.031774
1.304500, -0.032657
1.305000, -0.032355
1.305500, -0.030868
1.306000, -0.028285
1.306500, -0.024769
1.307000, -0.020549
1.307500, -0.015903
1.308000, -0.011131
1.308500, -0.006526
1.309000, -0.002355
1.309500, 0.001172
1.310000, 0.003918
1.310500, 0.005829
1.311000, 0.006938
1.311500, 0.007358
1.312000, 0.007272
1.312500, 0.006905
1.313000, 0.006507
1.313500, 0.006319
1.314000, 0.006554
1.314500, 0.007368
1.315000, 0.008843
1.315500, 0.010977
1.316000, 0.013681
1.316500, 0.016780
1.317000, 0.020031
1.317500, 0.023145
1.318000, 0.025810
1.318500, 0.027723
1.319000, 0.028624
1.319500, 0.028316
1.320000, 0.026693
1.320500, 0.023752
1.321000, 0.019596
1.321500, 0.014432
1.322000, 0.008555
1.322500, 0.002326
1.323000, -0.003857
1.323500, -0.009595
1.324000, -0.014514
1.324500, -0.018308
1.325000, -0.020754
1.325500, -0.021740
1.326000, -0.021269
1.326500, -0.019460
1.327000, -0.016536
1.327500, -0.012800
1.328000, -0.008614
1.328500, -0.004358
1.329000, -0.000403
1.329500, 0.002926
1.330000, 0.005371
1.330500, 0.006768
1.331000, 0.007057
1.331500, 0.006282
1.332000, 0.004588
1.332500, 0.002202
1.333000, -0.000587
1.333500, -0.003461
1.334000, -0.006104
1.334500, -0.008236
1.335000, -0.009635
1.335500, -0.010166
1.336000, -0.009786
1.336500, -0.008553
1.337000, -0.006613
1.337500, -0.004190
1.338000, -0.001558
1.338500, 0.000979
1.339000, 0.003122
1.339500, 0.004603
1.340000, 0.005206
1.340500, 0.004793
1.341000, 0.003313
1.341500, 0.000811
1.342000, -0.002576
1.342500, -0.006630
1.343000, -0.011070
1.343500, -0.015573
1.344000, -0.019806
1.344500, -0.023449
1.345000, -0.026225
1.345500, -0.027919
1.346000, -0.028394
1.346500, -0.027601
1.347000, -0.025577
1.347500, -0.022443
1.348000, -0.018389
1.348500, -0.013659
1.349000, -0.008532
1.349500, -0.003295
1.350000, 0.001772
1.350500, 0.006422
1.351000, 0.010456
1.351500, 0.013731
1.352000, 0.016174
1.352500, 0.017775
1.353000, 0.018585
1.353500, 0.018709
1.354000, 0.018289
1.354500, 0.017494
1.355000, 0.016499
1.355500, 0.015475
1.356000, 0.014568
1.356500, 0.013890
1.357000, 0.013510
1.357500, 0.013445
1.358000, 0.013666
1.358500, 0.014099
1.359000, 0.014634
1.359500, 0.015139
1.360000, 0.015470
1.360500, 0.015490
1.361000, 0.015079
1.361500, 0.014144
1.362000, 0.012631
1.362500, 0.010530
1.363000, 0.007876
1.363500, 0.004747
1.364000, 0.001266
1.364500, -0.002408
1.365000, -0.006090
1.365500, -0.009580
1.366000, -0.012681
1.366500, -0.015210
1.367000, -0.017017
1.367500, -0.017997
1.368000, -0.018097
1.368500, -0.017322
1.369000, -0.015734
1.369500, -0.013446
1.370000, -0.010613
1.370500, -0.007421
1.371000, -0.004074
1.371500, -0.000777
1.372000, 0.002274
1.372500, 0.004908
1.373000, 0.006991
1.373500, 0.008433
1.374000, 0.009195
1.374500, 0.009293
1.375000, 0.008793
1.375500, 0.007805
1.376000, 0.006471
1.376500, 0.004949
1.377000, 0.003398
1.377500, 0.001959
1.378000, 0.000744
1.378500, -0.000175
1.379000, -0.000770
1.379500, -0.001060
1.380000, -0.001099
1.380500, -0.000976
1.381000, -0.000798
1.381500, -0.000678
1.382000, -0.000724
1.382500, -0.001028
1.383000, -0.001647
1.383500, -0.002604
1.384000, -0.003872
1.384500, -0.005383
1.385000, -0.007023
1.385500, -0.008648
1.386000, -0.010094
1.386500, -0.011197
1.387000, -0.011804
1.387500, -0.011796
1.388000, -0.011093
1.388500, -0.009664
1.389000, -0.007530
1.389500, -0.004759
1.390000, -0.001465
1.390500, 0.002209
1.391000, 0.006092
1.391500, 0.010005
1.392000, 0.013772
1.392500, 0.017228
1.393000, 0.020238
1.393500, 0.022702
1.394000, 0.024563
1.394500, 0.025808
1.395000, 0.026465
1.395500, 0.026595
1.396000, 0.026277
1.396500, 0.025600
1.397000, 0.024646
1.397500, 0.023483
1.398000, 0.022157
1.398500, 0.020697
1.399000, 0.019110
1.399500, 0.017390
1.400000, 0.015524
1.400500, 0.013497
1.401000, 0.011296
1.401500, 0.008916
1.402000, 0.006363
1.402500, 0.003660
1.403000, 0.000846
1.403500, -0.002020
1.404000, -0.004862
1.404500, -0.007593
1.405000, -0.010120
1.405500, -0.012355
1.406000, -0.014223
1.406500, -0.015676
1.407000, -0.016691
1.407500, -0.017275
1.408000, -0.017462
1.408500, -0.017304
1.409000, -0.016861
1.409500, -0.016199
1.410000, -0.015375
1.410500, -0.014436
1.411000, -0.013420
1.411500, -0.012348
1.412000, -0.011231
1.412500, -0.010070
1.413000, -0.008856
1.413500, -0.007575
1.414000, -0.006213
1.414500, -0.004761
1.415000, -0.003222
1.415500, -0.001617
1.416000, 0.000008
1.416500, 0.001583
1.417000, 0.003017
1.417500, 0.004201
1.418000, 0.005027
1.418500, 0.005398
1.419000, 0.005239
1.419500, 0.004512
1.420000, 0.003223
1.420500, 0.001418
1.421000, -0.000813
1.421500, -0.003346
1.422000, -0.006030
1.422500, -0.008698
1.423000, -0.011177
1.423500, -0.013302
1.424000, -0.014927
1.424500, -0.015941
1.425000, -0.016274
1.425500, -0.015912
1.426000, -0.014896
1.426500, -0.013320
1.427000, -0.011322
1.427500, -0.009071
1.428000, -0.006742
1.428500, -0.004502
1.429000, -0.002488
1.429500, -0.000792
1.430000, 0.000541
1.430500, 0.001524
1.431000, 0.002213
1.431500, 0.002706
1.432000, 0.003129
1.432500, 0.003621
1.433000, 0.004319
1.433500, 0.005342
1.434000, 0.006779
1.434500, 0.008669
1.435000, 0.010997
1.435500, 0.013687
1.436000, 0.016603
1.436500, 0.019555
1.437000, 0.022321
1.437500, 0.024661
1.438000, 0.026348
1.438500, 0.027186
1.439000, 0.027037
1.439500, 0.025834
1.440000, 0.023588
1.440500, 0.020386
1.441000, 0.016389
1.441500, 0.011816
1.442000, 0.006923
1.442500, 0.001987
1.443000, -0.002716
1.443500, -0.006939
1.444000, -0.010475
1.444500, -0.013179
1.445000, -0.014980
1.445500, -0.015882
1.446000, -0.015962
1.446500, -0.015362
1.447000, -0.014271
1.447500, -0.012899
1.448000, -0.011459
1.448500, -0.010136
1.449000, -0.009073
1.449500, -0.008357
1.450000, -0.008010
1.450500, -0.007997
1.451000, -0.008228
1.451500, -0.008574
1.452000, -0.008883
1.452500, -0.008999
1.453000, -0.008778
1.453500, -0.008107
1.454000, -0.006916
1.454500, -0.005192
1.455000, -0.002981
1.455500, -0.000389
1.456000, 0.002424
1.456500, 0.005263
1.457000, 0.007913
1.457500, 0.010167
1.458000, 0.011845
1.458500, 0.012817
1.459000, 0.013015
1.459500, 0.012438
1.460000, 0.011151
1.460500, 0.009277
1.461000, 0.006978
1.461500, 0.004444
1.462000, 0.001877
1.462500, -0.000534
1.463000, -0.002620
1.463500, -0.004246
1.464000, -0.005327
1.464500, -0.005826
1.465000, -0.005765
1.465500, -0.005216
1.466000, -0.004299
1.466500, -0.003164
1.467000, -0.001976
1.467500, -0.000889
1.468000, -0.000030
1.468500, 0.000520
1.469000, 0.000735
1.469500, 0.000648
1.470000, 0.000341
1.470500, -0.000065
1.471000, -0.000426
1.471500, -0.000600
1.472000, -0.000457
1.472500, 0.000098
1.473000, 0.001117
1.473500, 0.002596
1.474000, 0.004479
1.474500, 0.006654
1.475000, 0.008965
1.475500, 0.011219
1.476000, 0.013207
1.476500, 0.014718
1.477000, 0.015565
1.477500, 0.015601
1.478000, 0.014743
1.478500, 0.012979
1.479000, 0.010372
1.479500, 0.007061
1.480000, 0.003243
1.480500, -0.000844
1.481000, -0.004941
1.481500, -0.008799
1.482000, -0.012194
1.482500, -0.014956
1.483000, -0.016975
1.483500, -0.018213
1.484000, -0.018704
1.484500, -0.018548
1.485000, -0.017895
1.485500, -0.016935
1.486000, -0.015870
1.486500, -0.014896
1.487000, -0.014183
1.487500, -0.013850
1.488000, -0.013954
1.488500, -0.014479
1.489000, -0.015339
1.489500, -0.016380
1.490000, -0.017399
1.490500, -0.018165
1.491000, -0.018442
1.491500, -0.018018
1.492000, -0.016731
1.492500, -0.014487
1.493000, -0.011279
1.493500, -0.007188
1.494000, -0.002383
1.494500, 0.002895
1.495000, 0.008349
1.495500, 0.013655
1.496000, 0.018489
1.496500, 0.022555
1.497000, 0.025609
1.497500, 0.027487
1.498000, 0.028112
1.498500, 0.027506
1.499000, 0.025786
1.499500, 0.023156
1.500000, 0.019886
1.500500, 0.016292
1.501000, 0.012704
1.501500, 0.009434
1.502000, 0.006750
1.502500, 0.004851
1.503000, 0.003844
1.503500, 0.003740
1.504000, 0.004451
1.504500, 0.005807
1.505000, 0.007572
1.505500, 0.009471
1.506000, 0.011222
1.506500, 0.012559
1.507000, 0.013264
1.507500, 0.013184
1.508000, 0.012249
1.508500, 0.010476
1.509000, 0.007971
1.509500, 0.004917
1.510000, 0.001562
1.510500, -0.001810
1.511000, -0.004904
1.511500, -0.007446
1.512000, -0.009212
1.512500, -0.010055
1.513000, -0.009920
1.513500, -0.008856
1.514000, -0.007008
1.514500, -0.004604
1.515000, -0.001927
1.515500, 0.000710
1.516000, 0.002995
1.516500, 0.004650
1.517000, 0.005451
1.517500, 0.005251
1.518000, 0.003990
1.518500, 0.001703
1.519000, -0.001486
1.519500, -0.005369
1.520000, -0.009676
1.520500, -0.014095
1.521000, -0.018303
1.521500, -0.021999
1.522000, -0.024926
1.522500, -0.026903
1.523000, -0.027837
1.523500, -0.027729
1.524000, -0.026669
1.524500, -0.024821
1.525000, -0.022398
1.525500, -0.019642
1.526000, -0.016792
1.526500, -0.014065
1.527000, -0.011631
1.527500, -0.009606
1.528000, -0.008035
1.528500, -0.006897
1.529000, -0.006105
1.529500, -0.005518
1.530000, -0.004955
1.530500, -0.004222
1.531000, -0.003136
1.531500, -0.001546
1.532000, 0.000637
1.532500, 0.003432
1.533000, 0.006778
1.533500, 0.010543
1.534000, 0.014532
1.534500, 0.018510
1.535000, 0.022227
1.535500, 0.025446
1.536000, 0.027957
1.536500, 0.029607
1.537000, 0.030306
1.537500, 0.030037
1.538000, 0.028855
1.538500, 0.026884
1.539000, 0.024302
1.539500, 0.021327
1.540000, 0.018195
1.540500, 0.015134
1.541000, 0.012338
1.541500, 0.009950
1.542000, 0.008045
1.542500, 0.006624
1.543000, 0.005617
1.543500, 0.004895
1.544000, 0.004292
1.544500, 0.003630
1.545000, 0.002739
1.545500, 0.001488
1.546000, -0.000204
1.546500, -0.002349
1.547000, -0.004892
1.547500, -0.007708
1.548000, -0.010620
1.548500, -0.013408
1.549000, -0.015839
1.549500, -0.017686
1.550000, -0.018758
1.550500, -0.018924
1.551000, -0.018131
1.551500, -0.016417
1.552000, -0.013910
1.552500, -0.010820
1.553000, -0.007420
1.553500, -0.004021
1.554000, -0.000937
1.554500, 0.001544
1.555000, 0.003189
1.555500, 0.003845
1.556000, 0.003455
1.556500, 0.002060
1.557000, -0.000204
1.557500, -0.003118
1.558000, -0.006404
1.558500, -0.009751
1.559000, -0.012851
1.559500, -0.015424
1.560000, -0.017253
1.560500, -0.018206
1.561000, -0.018245
1.561500, -0.017438
1.562000, -0.015941
1.562500, -0.013986
1.563000, -0.011848
1.563500, -0.009815
1.564000, -0.008153
1.564500, -0.007069
1.565000, -0.006693
1.565500, -0.007053
1.566000, -0.008077
1.566500, -0.009592
1.567000, -0.011347
1.567500, -0.013033
1.568000, -0.014323
1.568500, -0.014898
1.569000, -0.014491
1.569500, -0.012912
1.570000, -0.010073
1.570500, -0.006003
1.571000, -0.000846
1.571500, 0.005142
1.572000, 0.011619
1.572500, 0.018190
1.573000, 0.024437
1.573500, 0.029964
1.574000, 0.034431
1.574500, 0.037587
1.575000, 0.039294
1.575500, 0.039538
1.576000, 0.038425
1.576500, 0.036171
1.577000, 0.033077
1.577500, 0.029494
1.578000, 0.025784
1.578500, 0.022285
1.579000, 0.019273
1.579500, 0.016938
1.580000, 0.015365
1.580500, 0.014528
1.581000, 0.014298
1.581500, 0.014463
1.582000, 0.014751
1.582500, 0.014865
1.583000, 0.014519
1.583500, 0.013471
1.584000, 0.011553
1.584500, 0.008695
1.585000, 0.004935
1.585500, 0.000419
1.586000, -0.004606
1.586500, -0.009815
1.587000, -0.014837
1.587500, -0.019289
1.588000, -0.022818
1.588500, -0.025134
1.589000, -0.026042
1.589500, -0.025466
1.590000, -0.023456
1.590500, -0.020181
1.591000, -0.015917
1.591500, -0.011019
1.592000, -0.005885
1.592500, -0.000922
1.593000, 0.003494
1.593500, 0.007049
1.594000, 0.009518
1.594500, 0.010784
1.595000, 0.010840
1.595500, 0.009794
1.596000, 0.007846
1.596500, 0.005274
1.597000, 0.002401
1.597500, -0.000439
1.598000, -0.002930
1.598500, -0.004817
1.599000, -0.005921
1.599500, -0.006165
1.600000, -0.005577
1.600500, -0.004287
1.601000, -0.002510
1.601500, -0.000519
1.602000, 0.001378
1.602500, 0.002882
1.603000, 0.003723
1.603500, 0.003698
1.604000, 0.002687
1.604500, 0.000666
1.605000, -0.002288
1.605500, -0.005999
1.606000, -0.010210
1.606500, -0.014598
1.607000, -0.018806
1.607500, -0.022473
1.608000, -0.025266
1.608500, -0.026915
1.609000, -0.027232
1.609500, -0.026138
1.610000, -0.023666
1.610500, -0.019956
1.611000, -0.015247
1.611500, -0.009850
1.612000, -0.004124
1.612500, 0.001559
1.613000, 0.006838
1.613500, 0.011396
1.614000, 0.014981
1.614500, 0.017425
1.615000, 0.018652
1.615500, 0.018687
1.616000, 0.017651
1.616500, 0.015746
1.617000, 0.013240
1.617500, 0.010437
1.618000, 0.007647
1.618500, 0.005153
1.619000, 0.003187
1.619500, 0.001902
1.620000, 0.001363
1.620500, 0.001539
1.621000, 0.002314
1.621500, 0.003498
1.622000, 0.004849
1.622500, 0.006101
1.623000, 0.006983
1.623500, 0.007251
1.624000, 0.006709
1.624500, 0.005227
1.625000, 0.002764
1.625500, -0.000629
1.626000, -0.004802
1.626500, -0.009513
1.627000, -0.014448
1.627500, -0.019244
1.628000, -0.023526
1.628500, -0.026939
1.629000, -0.029189
1.629500, -0.030067
1.630000, -0.029468
1.630500, -0.027405
1.631000, -0.024000
1.631500, -0.019476
1.632000, -0.014135
1.632500, -0.008334
1.633000, -0.002455
1.633500, 0.003123
1.634000, 0.008054
1.634500, 0.012056
1.635000, 0.014930
1.635500, 0.016582
1.636000, 0.017033
1.636500, 0.016412
1.637000, 0.014947
1.637500, 0.012939
1.638000, 0.010730
1.638500, 0.008665
1.639000, 0.007058
1.639500, 0.006156
1.640000, 0.006118
1.640500, 0.007000
1.641000, 0.008746
1.641500, 0.011203
1.642000, 0.014129
1.642500, 0.017218
1.643000, 0.020132
1.643500, 0.022527
1.644000, 0.024089
1.644500, 0.024566
1.645000, 0.023800
1.645500, 0.021740
1.646000, 0.018459
1.646500, 0.014150
1.647000, 0.009109
1.647500, 0.003711
1.648000, -0.001626
1.648500, -0.006481
1.649000, -0.010469
1.649500, -0.013278
1.650000, -0.014697
1.650500, -0.014636
1.651000, -0.013133
1.651500, -0.010349
1.652000, -0.006555
1.652500, -0.002107
1.653000, 0.002586
1.653500, 0.007096
1.654000, 0.011015
1.654500, 0.013995
1.655000, 0.015775
1.655500, 0.016213
1.656000, 0.015294
1.656500, 0.013134
1.657000, 0.009967
1.657500, 0.006117
1.658000, 0.001968
1.658500, -0.002078
1.659000, -0.005642
1.659500, -0.008407
1.660000, -0.010147
1.660500, -0.010747
1.661000, -0.010214
1.661500, -0.008675
1.662000, -0.006365
1.662500, -0.003601
1.663000, -0.000755
1.663500, 0.001782
1.664000, 0.003639
1.664500, 0.004506
1.665000, 0.004162
1.665500, 0.002502
1.666000, -0.000445
1.666500, -0.004519
1.667000, -0.009441
1.667500, -0.014836
1.668000, -0.020271
1.668500, -0.025295
1.669000, -0.029484
1.669500, -0.032479
1.670000, -0.034018
1.670500, -0.033961
1.671000, -0.032298
1.671500, -0.029151
1.672000, -0.024761
1.672500, -0.019465
1.673000, -0.013670
1.673500, -0.007811
1.674000, -0.002317
1.674500, 0.002435
1.675000, 0.006148
1.675500, 0.008640
1.676000, 0.009855
1.676500, 0.009871
1.677000, 0.008884
1.677500, 0.007190
1.678000, 0.005147
1.678500, 0.003137
1.679000, 0.001528
1.679500, 0.000633
1.680000, 0.000680
1.680500, 0.001793
1.681000, 0.003980
1.681500, 0.007132
1.682000, 0.011035
1.682500, 0.015390
1.683000, 0.019838
1.683500, 0.023995
1.684000, 0.027488
1.684500, 0.029994
1.685000, 0.031270
1.685500, 0.031180
1.686000, 0.029710
1.686500, 0.026968
1.687000, 0.023170
1.687500, 0.018624
1.688000, 0.013691
1.688500, 0.008755
1.689000, 0.004184
1.689500, 0.000296
1.690000, -0.002661
1.690500, -0.004537
1.691000, -0.005285
1.691500, -0.004961
1.692000, -0.003719
1.692500, -0.001795
1.693000, 0.000520
1.693500, 0.002900
1.694000, 0.005024
1.694500, 0.006602
1.695000, 0.007407
1.695500, 0.007295
1.696000, 0.006216
1.696500, 0.004218
1.697000, 0.001438
1.697500, -0.001919
1.698000, -0.005598
1.698500, -0.009324
1.699000, -0.012826
1.699500, -0.015858
1.700000, -0.018222
1.700500, -0.019784
1.701000, -0.020477
1.701500, -0.020315
1.702000, -0.019382
1.702500, -0.017827
1.703000, -0.015853
1.703500, -0.013693
1.704000, -0.011588
1.704500, -0.009768
1.705000, -0.008425
1.705500, -0.007698
1.706000, -0.007661
1.706500, -0.008317
1.707000, -0.009606
1.707500, -0.011410
1.708000, -0.013566
1.708500, -0.015884
1.709000, -0.018159
1.709500, -0.020190
1.710000, -0.021792
1.710500, -0.022813
1.711000, -0.023141
1.711500, -0.022718
1.712000, -0.021544
1.712500, -0.019677
1.713000, -0.017225
1.713500, -0.014341
1.714000, -0.011205
1.714500, -0.008008
1.715000, -0.004931
1.715500, -0.002133
1.716000, 0.000263
1.716500, 0.002178
1.717000, 0.003577
1.717500, 0.004469
1.718000, 0.004904
1.718500, 0.004963
1.719000, 0.004750
1.719500, 0.004387
1.720000, 0.004000
1.720500, 0.003711
1.721000, 0.003627
1.721500, 0.003827
1.722000, 0.004358
1.722500, 0.005226
1.723000, 0.006395
1.723500, 0.007790
1.724000, 0.009308
1.724500, 0.010828
1.725000, 0.012222
1.725500, 0.013376
1.726000, 0.014192
1.726500, 0.014603
1.727000, 0.014571
1.727500, 0.014095
1.728000, 0.013202
1.728500, 0.011951
1.729000, 0.010425
1.729500, 0.008729
1.730000, 0.006980
1.730500, 0.005303
1.731000, 0.003818
1.731500, 0.002632
1.732000, 0.001828
1.732500, 0.001455
1.733000, 0.001524
1.733500, 0.002005
1.734000, 0.002834
1.734500, 0.003919
1.735000, 0.005152
1.735500, 0.006419
1.736000, 0.007611
1.736500, 0.008632
1.737000, 0.009404
1.737500, 0.009873
1.738000, 0.010009
1.738500, 0.009808
1.739000, 0.009295
1.739500, 0.008516
1.740000, 0.007543
1.740500, 0.006466
1.741000, 0.005384
1.741500, 0.004395
1.742000, 0.003590
1.742500, 0.003038
1.743000, 0.002781
1.743500, 0.002828
1.744000, 0.003157
1.744500, 0.003714
1.745000, 0.004419
1.745500, 0.005176
1.746000, 0.005882
1.746500, 0.006432
1.747000, 0.006732
1.747500, 0.006704
1.748000, 0.006293
1.748500, 0.005475
1.749000, 0.004253
1.749500, 0.002667
1.750000, 0.000787
1.750500, -0.001291
1.751000, -0.003449
1.751500, -0.005559
1.752000, -0.007493
1.752500, -0.009135
1.753000, -0.010392
1.753500, -0.011202
1.754000, -0.011541
1.754500, -0.011427
1.755000, -0.010916
1.755500, -0.010096
1.756000, -0.009079
1.756500, -0.007990
1.757000, -0.006952
1.757500, -0.006076
1.758000, -0.005452
1.758500, -0.005138
1.759000, -0.005160
1.759500, -0.005505
1.760000, -0.006125
1.760500, -0.006940
1.761000, -0.007839
1.761500, -0.008697
1.762000, -0.009379
1.762500, -0.009756
1.763000, -0.009720
1.763500, -0.009196
1.764000, -0.008153
1.764500, -0.006610
1.765000, -0.004634
1.765500, -0.002337
1.766000, 0.000137
1.766500, 0.002628
1.767000, 0.004972
1.767500, 0.007015
1.768000, 0.008629
1.768500, 0.009719
1.769000, 0.010227
1.769500, 0.010143
1.770000, 0.009504
1.770500, 0.008392
1.771000, 0.006935
1.771500, 0.005292
1.772000, 0.003641
1.772500, 0.002164
1.773000, 0.001022
1.773500, 0.000346
1.774000, 0.000215
1.774500, 0.000656
1.775000, 0.001638
1.775500, 0.003079
1.776000, 0.004855
1.776500, 0.006817
1.777000, 0.008800
1.777500, 0.010640
1.778000, 0.012184
1.778500, 0.013304
1.779000, 0.013903
1.779500, 0.013927
1.780000, 0.013371
1.780500, 0.012281
1.781000, 0.010750
1.781500, 0.008913
1.782000, 0.006931
1.782500, 0.004971
1.783000, 0.003192
1.783500, 0.001725
1.784000, 0.000658
1.784500, 0.000034
1.785000, -0.000157
1.785500, 0.000029
1.786000, 0.000498
1.786500, 0.001123
1.787000, 0.001757
1.787500, 0.002245
1.788000, 0.002435
1.788500, 0.002189
1.789000, 0.001402
1.789500, 0.000009
1.790000, -0.002004
1.790500, -0.004592
1.791000, -0.007661
1.791500, -0.011067
1.792000, -0.014636
1.792500, -0.018179
1.793000, -0.021506
1.793500, -0.024447
1.794000, -0.026861
1.794500, -0.028641
1.795000, -0.029728
1.795500, -0.030102
1.796000, -0.029788
1.796500, -0.028852
1.797000, -0.027396
1.797500, -0.025548
1.798000, -0.023459
1.798500, -0.021280
1.799000, -0.019156
1.799500, -0.017207
1.800000, -0.015520
1.800500, -0.014135
1.801000, -0.013052
1.801500, -0.012224
1.802000, -0.011574
1.802500, -0.011002
1.803000, -0.010396
1.803500, -0.009645
1.804000, -0.008650
1.804500, -0.007330
1.805000, -0.005627
1.805500, -0.003514
1.806000, -0.000996
1.806500, 0.001888
1.807000, 0.005066
1.807500, 0.008432
1.808000, 0.011856
1.808500, 0.015188
1.809000, 0.018273
1.809500, 0.020961
1.810000, 0.023124
1.810500, 0.024666
1.811000, 0.025531
1.811500, 0.025711
1.812000, 0.025241
1.812500, 0.024200
1.813000, 0.022697
1.813500, 0.020867
1.814000, 0.018857
1.814500, 0.016819
1.815000, 0.014897
1.815500, 0.013223
1.816000, 0.011907
1.816500, 0.011031
1.817000, 0.010640
1.817500, 0.010741
1.818000, 0.011299
1.818500, 0.012238
1.819000, 0.013447
1.819500, 0.014790
1.820000, 0.016123
1.820500, 0.017302
1.821000, 0.018205
1.821500, 0.018736
1.822000, 0.018841
1.822500, 0.018501
1.823000, 0.017739
1.823500, 0.016610
1.824000, 0.015197
1.824500, 0.013601
1.825000, 0.011934
1.825500, 0.010313
1.826000, 0.008846
1.826500, 0.007626
1.827000, 0.006718
1.827500, 0.006150
1.828000, 0.005906
1.828500, 0.005921
1.829000, 0.006089
1.829500, 0.006267
1.830000, 0.006295
1.830500, 0.006009
1.831000, 0.005258
1.831500, 0.003927
1.832000, 0.001942
1.832500, -0.000719
1.833000, -0.004023
1.833500, -0.007882
1.834000, -0.012159
1.834500, -0.016675
1.835000, -0.021221
1.835500, -0.025568
1.836000, -0.029491
1.836500, -0.032778
1.837000, -0.035255
1.837500, -0.036803
1.838000, -0.037365
1.838500, -0.036956
1.839000, -0.035664
1.839500, -0.033633
1.840000, -0.031054
1.840500, -0.028142
1.841000, -0.025116
1.841500, -0.022177
1.842000, -0.019495
1.842500, -0.017195
1.843000, -0.015347
1.843500, -0.013967
1.844000, -0.013011
1.844500, -0.012386
1.845000, -0.011955
1.845500, -0.011552
1.846000, -0.011001
1.846500, -0.010137
1.847000, -0.008822
1.847500, -0.006970
1.848000, -0.004558
1.848500, -0.001630
1.849000, 0.001700
1.849500, 0.005265
1.850000, 0.008856
1.850500, 0.012248
1.851000, 0.015213
1.851500, 0.017552
1.852000, 0.019103
1.852500, 0.019759
1.853000, 0.019480
1.853500, 0.018292
1.854000, 0.016293
1.854500, 0.013644
1.855000, 0.010558
1.855500, 0.007283
1.856000, 0.004083
1.856500, 0.001211
1.857000, -0.001116
1.857500, -0.002732
1.858000, -0.003543
1.858500, -0.003529
1.859000, -0.002745
1.859500, -0.001312
1.860000, 0.000598
1.860500, 0.002784
1.861000, 0.005033
1.861500, 0.007139
1.862000, 0.008926
1.862500, 0.010256
1.863000, 0.011045
1.863500, 0.011268
1.864000, 0.010960
1.864500, 0.010213
1.865000, 0.009164
1.865500, 0.007985
1.866000, 0.006859
1.866500, 0.005960
1.867000, 0.005436
1.867500, 0.005387
1.868000, 0.005856
1.868500, 0.006822
1.869000, 0.008204
1.869500, 0.009862
1.870000, 0.011617
1.870500, 0.013266
1.871000, 0.014600
1.871500, 0.015423
1.872000, 0.015572
1.872500, 0.014929
1.873000, 0.013438
1.873500, 0.011103
1.874000, 0.007995
1.874500, 0.004247
1.875000, 0.000041
1.875500, -0.004400
1.876000, -0.008837
1.876500, -0.013031
1.877000, -0.016760
1.877500, -0.019840
1.878000, -0.022136
1.878500, -0.023571
1.879000, -0.024130
1.879500, -0.023859
1.880000, -0.022852
1.880500, -0.021245
1.881000, -0.019198
1.881500, -0.016881
1.882000, -0.014458
1.882500, -0.012078
1.883000, -0.009860
1.883500, -0.007891
1.884000, -0.006217
1.884500, -0.004846
1.885000, -0.003746
1.885500, -0.002855
1.886000, -0.002083
1.886500, -0.001328
1.887000, -0.000483
1.887500, 0.000546
1.888000, 0.001831
1.888500, 0.003412
1.889000, 0.005291
1.889500, 0.007429
1.890000, 0.009749
1.890500, 0.012147
1.891000, 0.014495
1.891500, 0.016653
1.892000, 0.018482
1.892500, 0.019848
1.893000, 0.020639
1.893500, 0.020766
1.894000, 0.020176
1.894500, 0.018853
1.895000, 0.016832
1.895500, 0.014190
1.896000, 0.011054
1.896500, 0.007588
1.897000, 0.003984
1.897500, 0.000448
1.898000, -0.002818
1.898500, -0.005635
1.899000, -0.007859
1.899500, -0.009394
1.900000, -0.010199
1.900500, -0.010288
1.901000, -0.009725
1.901500, -0.008621
1.902000, -0.007120
1.902500, -0.005387
1.903000, -0.003596
1.903500, -0.001915
1.904000, -0.000488
1.904500, 0.000573
1.905000, 0.001202
1.905500, 0.001386
1.906000, 0.001170
1.906500, 0.000646
1.907000, -0.000049
1.907500, -0.000758
1.908000, -0.001317
1.908500, -0.001581
1.909000, -0.001441
1.909500, -0.000837
1.910000, 0.000227
1.910500, 0.001687
1.911000, 0.003422
1.911500, 0.005263
1.912000, 0.007012
1.912500, 0.008458
1.913000, 0.009401
1.913500, 0.009669
1.914000, 0.009136
1.914500, 0.007734
1.915000, 0.005469
1.915500, 0.002419
1.916000, -0.001265
1.916500, -0.005366
1.917000, -0.009620
1.917500, -0.013737
1.918000, -0.017425
1.918500, -0.020420
1.919000, -0.022508
1.919500, -0.023549
1.920000, -0.023493
1.920500, -0.022377
1.921000, -0.020330
1.921500, -0.017550
1.922000, -0.014288
1.922500, -0.010817
1.923000, -0.007413
1.923500, -0.004321
1.924000, -0.001738
1.924500, 0.000205
1.925000, 0.001454
1.925500, 0.002038
1.926000, 0.002062
1.926500, 0.001701
1.927000, 0.001180
1.927500, 0.000750
1.928000, 0.000664
1.928500, 0.001143
1.929000, 0.002353
1.929500, 0.004379
1.930000, 0.007213
1.930500, 0.010749
1.931000, 0.014786
1.931500, 0.019054
1.932000, 0.023233
1.932500, 0.026987
1.933000, 0.029997
1.933500, 0.031990
1.934000, 0.032763
1.934500, 0.032207
1.935000, 0.030311
1.935500, 0.027170
1.936000, 0.022977
1.936500, 0.018006
1.937000, 0.012595
1.937500, 0.007111
1.938000, 0.001924
1.938500, -0.002631
1.939000, -0.006280
1.939500, -0.008842
1.940000, -0.010240
1.940500, -0.010509
1.941000, -0.009789
1.941500, -0.008307
1.942000, -0.006353
1.942500, -0.004241
1.943000, -0.002284
1.943500, -0.000757
1.944000, 0.000127
1.944500, 0.000236
1.945000, -0.000469
1.945500, -0.001933
1.946000, -0.004016
1.946500, -0.006505
1.947000, -0.009139
1.947500, -0.011636
1.948000, -0.013717
1.948500, -0.015143
1.949000, -0.015732
1.949500, -0.015387
1.950000, -0.014101
1.950500, -0.011966
1.951000, -0.009160
1.951500, -0.005937
1.952000, -0.002597
1.952500, 0.000541
1.953000, 0.003171
1.953500, 0.005030
1.954000, 0.005924
1.954500, 0.005745
1.955000, 0.004482
1.955500, 0.002223
1.956000, -0.000855
1.956500, -0.004506
1.957000, -0.008432
1.957500, -0.012317
1.958000, -0.015848
1.958500, -0.018746
1.959000, -0.020790
1.959500, -0.021832
1.960000, -0.021812
1.960500, -0.020759
1.961000, -0.018792
1.961500, -0.016101
1.962000, -0.012931
1.962500, -0.009556
1.963000, -0.006250
1.963500, -0.003259
1.964000, -0.000780
1.964500, 0.001062
1.965000, 0.002222
1.965500, 0.002735
1.966000, 0.002710
1.966500, 0.002315
1.967000, 0.001755
1.967500, 0.001252
1.968000, 0.001014
1.968500, 0.001219
1.969000, 0.001990
1.969500, 0.003385
1.970000, 0.005387
1.970500, 0.007902
1.971000, 0.010771
1.971500, 0.013781
1.972000, 0.016686
1.972500, 0.019235
1.973000, 0.021191
1.973500, 0.022360
1.974000, 0.022610
1.974500, 0.021882
1.975000, 0.020199
1.975500, 0.017661
1.976000, 0.014434
1.976500, 0.010737
1.977000, 0.006820
1.977500, 0.002938
1.978000, -0.000669
1.978500, -0.003798
1.979000, -0.006302
1.979500, -0.008099
1.980000, -0.009174
1.980500, -0.009581
1.981000, -0.009428
1.981500, -0.008863
1.982000, -0.008057
1.982500, -0.007178
1.983000, -0.006377
1.983500, -0.005765
1.984000, -0.005410
1.984500, -0.005320
1.985000, -0.005452
1.985500, -0.005715
1.986000, -0.005980
1.986500, -0.006099
1.987000, -0.005925
1.987500, -0.005331
1.988000, -0.004229
1.988500, -0.002580
1.989000, -0.000407
1.989500, 0.002207
1.990000, 0.005127
1.990500, 0.008177
1.991000, 0.011157
1.991500, 0.013868
1.992000, 0.016125
1.992500, 0.017785
1.993000, 0.018751
1.993500, 0.018988
1.994000, 0.018524
1.994500, 0.017443
1.995000, 0.015876
1.995500, 0.013989
1.996000, 0.011961
1.996500, 0.009965
1.997000, 0.008151
1.997500, 0.006625
1.998000, 0.005444
1.998500, 0.004607
1.999000, 0.004060
1.999500, 0.003706
